Timestamp,UTC,Callsign,Position,Altitude,Speed,Direction
1702726655,2023-12-16T11:37:35Z,ASL651,"55.979332,37.413639",0,0,165
1702726662,2023-12-16T11:37:42Z,ASL651,"55.979126,37.413727",0,7,165
1702726669,2023-12-16T11:37:49Z,ASL651,"55.978901,37.413837",0,8,165
1702726679,2023-12-16T11:37:59Z,ASL651,"55.9786,37.413982",0,6,163
1702726687,2023-12-16T11:38:07Z,ASL651,"55.978355,37.414089",0,7,165
1702726702,2023-12-16T11:38:22Z,ASL651,"55.977802,37.414356",0,0,163
1702726709,2023-12-16T11:38:29Z,ASL651,"55.977493,37.414501",0,10,165
1702726716,2023-12-16T11:38:36Z,ASL651,"55.977264,37.414608",0,7,165
1702726723,2023-12-16T11:38:43Z,ASL651,"55.977005,37.414734",0,8,165
1702726740,2023-12-16T11:39:00Z,ASL651,"55.976749,37.415272",0,0,109
1702726747,2023-12-16T11:39:07Z,ASL651,"55.976715,37.415604",0,6,104
1702726755,2023-12-16T11:39:15Z,ASL651,"55.976624,37.415829",0,3,120
1702726770,2023-12-16T11:39:30Z,ASL651,"55.976372,37.416042",0,6,157
1702726783,2023-12-16T11:39:43Z,ASL651,"55.976051,37.416626",0,8,112
1702726811,2023-12-16T11:40:11Z,ASL651,"55.976482,37.419518",0,0,75
1702726817,2023-12-16T11:40:17Z,ASL651,"55.976578,37.420162",0,11,75
1702726826,2023-12-16T11:40:26Z,ASL651,"55.976704,37.421078",0,14,75
1702726834,2023-12-16T11:40:34Z,ASL651,"55.976856,37.421986",0,16,75
1702726850,2023-12-16T11:40:50Z,ASL651,"55.977104,37.423679",0,0,75
1702726859,2023-12-16T11:40:59Z,ASL651,"55.977238,37.424606",0,14,73
1702726867,2023-12-16T11:41:07Z,ASL651,"55.977379,37.425488",0,14,75
1702726874,2023-12-16T11:41:14Z,ASL651,"55.977493,37.426365",0,16,75
1702726882,2023-12-16T11:41:22Z,ASL651,"55.977646,37.42733",0,15,73
1702726888,2023-12-16T11:41:28Z,ASL651,"55.977745,37.428005",0,11,75
1702726899,2023-12-16T11:41:39Z,ASL651,"55.977905,37.429089",0,14,75
1702726905,2023-12-16T11:41:45Z,ASL651,"55.97802,37.429859",0,16,75
1702726912,2023-12-16T11:41:52Z,ASL651,"55.978157,37.430836",0,16,75
1702726919,2023-12-16T11:41:59Z,ASL651,"55.978271,37.431583",0,12,75
1702726926,2023-12-16T11:42:06Z,ASL651,"55.978367,37.432178",0,11,73
1702726934,2023-12-16T11:42:14Z,ASL651,"55.978474,37.432888",0,12,75
1702726941,2023-12-16T11:42:21Z,ASL651,"55.978565,37.433594",0,13,75
1702726947,2023-12-16T11:42:27Z,ASL651,"55.978683,37.434311",0,14,73
1702726955,2023-12-16T11:42:35Z,ASL651,"55.978809,37.435207",0,15,75
1702726971,2023-12-16T11:42:51Z,ASL651,"55.979095,37.437119",0,0,75
1702726982,2023-12-16T11:43:02Z,ASL651,"55.97924,37.438057",0,11,73
1702726999,2023-12-16T11:43:19Z,ASL651,"55.979439,37.439453",0,8,75
1702727004,2023-12-16T11:43:24Z,ASL651,"55.979473,37.439754",0,8,81
1702727007,2023-12-16T11:43:27Z,ASL651,"55.97945,37.439972",0,7,92
1702727012,2023-12-16T11:43:32Z,ASL651,"55.979393,37.440178",0,6,109
1702727021,2023-12-16T11:43:41Z,ASL651,"55.979187,37.440365",0,6,154
1702727053,2023-12-16T11:44:13Z,ASL651,"55.978985,37.440441",0,3,163
1702727064,2023-12-16T11:44:24Z,ASL651,"55.978764,37.440552",0,6,163
1702727071,2023-12-16T11:44:31Z,ASL651,"55.978558,37.440659",0,7,165
1702727082,2023-12-16T11:44:42Z,ASL651,"55.978203,37.440823",0,8,163
1702727089,2023-12-16T11:44:49Z,ASL651,"55.977962,37.440948",0,6,165
1702727098,2023-12-16T11:44:58Z,ASL651,"55.977821,37.440742",0,5,213
1702727104,2023-12-16T11:45:04Z,ASL651,"55.977825,37.44051",0,3,253
1702727196,2023-12-16T11:46:36Z,ASL651,"55.977791,37.440281",0,5,255
1702727203,2023-12-16T11:46:43Z,ASL651,"55.977646,37.439346",0,28,255
1702727213,2023-12-16T11:46:53Z,ASL651,"55.976784,37.433681",500,93,254
1702727222,2023-12-16T11:47:02Z,ASL651,"55.975525,37.424927",450,129,255
1702727228,2023-12-16T11:47:08Z,ASL651,"55.974411,37.417801",575,154,254
1702727234,2023-12-16T11:47:14Z,ASL651,"55.973713,37.410336",850,167,244
1702727358,2023-12-16T11:49:18Z,ASL651,"55.954494,37.288204",4800,166,256
1702727366,2023-12-16T11:49:26Z,ASL651,"55.952591,37.275562",4975,175,255
1702727378,2023-12-16T11:49:38Z,ASL651,"55.949516,37.255493",5375,185,255
1702727394,2023-12-16T11:49:54Z,ASL651,"55.945076,37.226654",6000,211,255
1702727407,2023-12-16T11:50:07Z,ASL651,"55.940353,37.196507",6525,233,255
1702727422,2023-12-16T11:50:22Z,ASL651,"55.93586,37.168568",6800,256,254
1702727438,2023-12-16T11:50:38Z,ASL651,"55.930714,37.136189",7075,257,254
1702727450,2023-12-16T11:50:50Z,ASL651,"55.926849,37.111916",7275,258,254
1702727466,2023-12-16T11:51:06Z,ASL651,"55.921417,37.077778",7550,262,254
1702727482,2023-12-16T11:51:22Z,ASL651,"55.916386,37.04443",7775,267,254
1702727498,2023-12-16T11:51:38Z,ASL651,"55.914135,37.010464",8025,262,262
1702727502,2023-12-16T11:51:42Z,ASL651,"55.91441,37.002373",8100,257,269
1702727507,2023-12-16T11:51:47Z,ASL651,"55.915096,36.994286",8175,257,269
1702727510,2023-12-16T11:51:50Z,ASL651,"55.916233,36.985409",8225,248,278
1702727514,2023-12-16T11:51:54Z,ASL651,"55.917881,36.978935",8325,248,278
1702727518,2023-12-16T11:51:58Z,ASL651,"55.919907,36.971943",8425,248,291
1702727522,2023-12-16T11:52:02Z,ASL651,"55.922314,36.965401",8600,248,291
1702727525,2023-12-16T11:52:05Z,ASL651,"55.925194,36.958527",8700,243,302
1702727529,2023-12-16T11:52:09Z,ASL651,"55.930595,36.952732",8925,250,302
1702727531,2023-12-16T11:52:11Z,ASL651,"55.932991,36.95042",9050,250,323
1702727533,2023-12-16T11:52:13Z,ASL651,"55.935608,36.946453",9200,250,323
1702727538,2023-12-16T11:52:18Z,ASL651,"55.940659,36.940128",9450,248,323
1702727542,2023-12-16T11:52:22Z,ASL651,"55.94281,36.938637",9725,250,323
1702727546,2023-12-16T11:52:26Z,ASL651,"55.946033,36.932976",10000,250,323
1702727550,2023-12-16T11:52:30Z,ASL651,"55.949856,36.926704",10175,250,323
1702727554,2023-12-16T11:52:34Z,ASL651,"55.953407,36.922386",10350,250,323
1702727570,2023-12-16T11:52:50Z,ASL651,"55.970516,36.903084",10800,262,326
1702727586,2023-12-16T11:53:06Z,ASL651,"55.989651,36.883575",11100,288,330
1702727598,2023-12-16T11:53:18Z,ASL651,"56.004284,36.868511",11500,298,330
1702727610,2023-12-16T11:53:30Z,ASL651,"56.019371,36.852119",12050,301,330
1702727646,2023-12-16T11:54:06Z,ASL651,"56.05357,36.810188",13475,328,323
1702727656,2023-12-16T11:54:16Z,ASL651,"56.07209,36.769894",14025,332,305
1702727658,2023-12-16T11:54:18Z,ASL651,"56.073559,36.763638",14125,332,305
1702727662,2023-12-16T11:54:22Z,ASL651,"56.074245,36.759113",14275,332,305
1702727674,2023-12-16T11:54:34Z,ASL651,"56.081589,36.731953",14750,338,295
1702727678,2023-12-16T11:54:38Z,ASL651,"56.084465,36.720043",14850,336,295
1702727682,2023-12-16T11:54:42Z,ASL651,"56.086357,36.709278",14975,338,292
1702727686,2023-12-16T11:54:46Z,ASL651,"56.087608,36.699669",15100,338,292
1702727690,2023-12-16T11:54:50Z,ASL651,"56.089176,36.68874",15250,338,286
1702727694,2023-12-16T11:54:54Z,ASL651,"56.090839,36.676769",15450,346,286
1702727699,2023-12-16T11:54:59Z,ASL651,"56.092709,36.663254",15650,346,284
1702727702,2023-12-16T11:55:02Z,ASL651,"56.094009,36.650711",15800,346,284
1702727706,2023-12-16T11:55:06Z,ASL651,"56.094154,36.642418",16000,348,279
1702727710,2023-12-16T11:55:10Z,ASL651,"56.095669,36.628868",16175,348,279
1702727714,2023-12-16T11:55:14Z,ASL651,"56.096443,36.618206",16375,348,279
1702727750,2023-12-16T11:55:50Z,ASL651,"56.104328,36.522991",17775,354,278
1702727786,2023-12-16T11:56:26Z,ASL651,"56.116928,36.401028",19400,358,280
1702727819,2023-12-16T11:56:59Z,ASL651,"56.128159,36.308758",20600,362,282
1702727851,2023-12-16T11:57:31Z,ASL651,"56.140999,36.214302",21575,372,284
1702727882,2023-12-16T11:58:02Z,ASL651,"56.153893,36.115135",22625,376,283
1702727919,2023-12-16T11:58:39Z,ASL651,"56.165699,36.006508",23650,386,281
1702727954,2023-12-16T11:59:14Z,ASL651,"56.176266,35.90464",25250,378,280
1702727986,2023-12-16T11:59:46Z,ASL651,"56.187588,35.793861",26125,384,280
1702728015,2023-12-16T12:00:15Z,ASL651,"56.196667,35.707012",27100,380,280
1702728058,2023-12-16T12:00:58Z,ASL651,"56.208195,35.59473",28225,388,280
1702728095,2023-12-16T12:01:35Z,ASL651,"56.219959,35.481365",29300,384,280
1702728127,2023-12-16T12:02:07Z,ASL651,"56.227722,35.404629",29775,396,280
1702728158,2023-12-16T12:02:38Z,ASL651,"56.237045,35.313339",30000,408,280
1702728199,2023-12-16T12:03:19Z,ASL651,"56.251175,35.172287",30000,428,280
1702728222,2023-12-16T12:03:42Z,ASL651,"56.258274,35.101109",30025,428,280
1702728290,2023-12-16T12:04:50Z,ASL651,"56.279724,34.882557",30000,428,280
1702728890,2023-12-16T12:14:50Z,ASL651,"56.459759,32.844238",30000,54,280,    jump 1
1702729496,2023-12-16T12:24:56Z,ASL651,"54.740753,31.893148",29975,54,256,    jump 1
1702729499,2023-12-16T12:24:59Z,ASL651,"54.740662,31.891937",29975,54,260
1702729502,2023-12-16T12:25:02Z,ASL651,"54.74057,31.890484",29975,54,265
1702729505,2023-12-16T12:25:05Z,ASL651,"54.740589,31.889067",29975,54,272
1702729508,2023-12-16T12:25:08Z,ASL651,"54.740662,31.887737",29975,54,276
1702729512,2023-12-16T12:25:12Z,ASL651,"54.740799,31.886444",29975,54,281
1702729514,2023-12-16T12:25:14Z,ASL651,"54.741009,31.885155",29975,54,286
1702729517,2023-12-16T12:25:17Z,ASL651,"54.741287,31.883989",29975,54,291
1702729521,2023-12-16T12:25:21Z,ASL651,"54.741661,31.882574",30000,54,296
1702729524,2023-12-16T12:25:24Z,ASL651,"54.742035,31.881493",30000,54,300
1702729527,2023-12-16T12:25:27Z,ASL651,"54.742447,31.880466",30000,54,306
1702729530,2023-12-16T12:25:30Z,ASL651,"54.742966,31.879412",30000,54,309
1702729533,2023-12-16T12:25:33Z,ASL651,"54.743568,31.878412",30000,53,315
1702729536,2023-12-16T12:25:36Z,ASL651,"54.744175,31.877497",30000,54,321
1702729539,2023-12-16T12:25:39Z,ASL651,"54.744644,31.876911",30000,54,326
1702729542,2023-12-16T12:25:42Z,ASL651,"54.745377,31.876184",30000,54,331
1702729545,2023-12-16T12:25:45Z,ASL651,"54.746082,31.875582",30000,54,336
1702729548,2023-12-16T12:25:48Z,ASL651,"54.746841,31.875135",30000,54,340
1702729551,2023-12-16T12:25:51Z,ASL651,"54.747574,31.87475",30000,54,345
1702729555,2023-12-16T12:25:55Z,ASL651,"54.748352,31.874569",30000,54,350
1702729558,2023-12-16T12:25:58Z,ASL651,"54.749176,31.874407",30000,54,354
1702729561,2023-12-16T12:26:01Z,ASL651,"54.749954,31.874407",30000,54,360
1702729563,2023-12-16T12:26:03Z,ASL651,"54.750507,31.8745",30000,54,3
1702729567,2023-12-16T12:26:07Z,ASL651,"54.751251,31.874666",30000,54,9
1702729570,2023-12-16T12:26:10Z,ASL651,"54.752228,31.875084",30000,54,16
1702729573,2023-12-16T12:26:13Z,ASL651,"54.75288,31.8755",30000,54,20
1702729576,2023-12-16T12:26:16Z,ASL651,"54.753532,31.875999",30000,54,22
1702729578,2023-12-16T12:26:18Z,ASL651,"54.753983,31.876427",30000,54,28
1702729582,2023-12-16T12:26:22Z,ASL651,"54.754852,31.877316",30000,54,33
1702729585,2023-12-16T12:26:25Z,ASL651,"54.75544,31.878162",30000,54,39
1702729588,2023-12-16T12:26:28Z,ASL651,"54.755951,31.878996",30000,54,41
1702729591,2023-12-16T12:26:31Z,ASL651,"54.7565,31.879982",30000,53,49
1702729595,2023-12-16T12:26:35Z,ASL651,"54.756958,31.881031",30000,54,53
1702729598,2023-12-16T12:26:38Z,ASL651,"54.757442,31.88249",30000,54,59
1702729601,2023-12-16T12:26:41Z,ASL651,"54.757816,31.883656",30000,54,63
1702729604,2023-12-16T12:26:44Z,ASL651,"54.757999,31.884489",29975,54,68
1702729607,2023-12-16T12:26:47Z,ASL651,"54.75824,31.88596",29975,54,73
1702729609,2023-12-16T12:26:49Z,ASL651,"54.758423,31.887253",29975,54,77
1702729613,2023-12-16T12:26:53Z,ASL651,"54.758514,31.888399",29975,54,83
1702729615,2023-12-16T12:26:55Z,ASL651,"54.75856,31.889648",29975,54,86
1702729619,2023-12-16T12:26:59Z,ASL651,"54.758514,31.890886",29975,54,93
1702729622,2023-12-16T12:27:02Z,ASL651,"54.758419,31.892645",29950,54,97
1702729625,2023-12-16T12:27:05Z,ASL651,"54.758232,31.893976",29975,54,102
1702729628,2023-12-16T12:27:08Z,ASL651,"54.758095,31.894808",29950,54,107
1702729631,2023-12-16T12:27:11Z,ASL651,"54.757767,31.896307",29950,54,108
1702729634,2023-12-16T12:27:14Z,ASL651,"54.757462,31.89735",29950,54,116
1702729637,2023-12-16T12:27:17Z,ASL651,"54.757187,31.898157",29950,53,121
1702729640,2023-12-16T12:27:20Z,ASL651,"54.756603,31.899635",29950,54,126
1702729644,2023-12-16T12:27:24Z,ASL651,"54.756134,31.900581",29950,54,132
1702729647,2023-12-16T12:27:27Z,ASL651,"54.755394,31.901716",29975,54,137
1702729650,2023-12-16T12:27:30Z,ASL651,"54.754837,31.90255",29975,54,142
1702729652,2023-12-16T12:27:32Z,ASL651,"54.75423,31.903215",30000,54,146
1702729656,2023-12-16T12:27:36Z,ASL651,"54.753532,31.903881",30000,54,150
1702729659,2023-12-16T12:27:39Z,ASL651,"54.752838,31.904459",30000,54,156
1702729661,2023-12-16T12:27:41Z,ASL651,"54.752602,31.904547",30000,54,159
1702729665,2023-12-16T12:27:45Z,ASL651,"54.751373,31.905186",30000,54,166
1702729668,2023-12-16T12:27:48Z,ASL651,"54.750645,31.905378",30000,54,170
1702729671,2023-12-16T12:27:51Z,ASL651,"54.749947,31.905462",30000,54,175
1702729673,2023-12-16T12:27:53Z,ASL651,"54.749176,31.905508",30000,54,181
1702729677,2023-12-16T12:27:57Z,ASL651,"54.748363,31.905378",30000,54,185
1702729680,2023-12-16T12:28:00Z,ASL651,"54.74762,31.905106",30000,54,190
1702729683,2023-12-16T12:28:03Z,ASL651,"54.74683,31.904713",30000,54,194
1702729686,2023-12-16T12:28:06Z,ASL651,"54.746082,31.904297",30025,54,199
1702729689,2023-12-16T12:28:09Z,ASL651,"54.745384,31.903715",30000,55,204
1702729692,2023-12-16T12:28:12Z,ASL651,"54.744919,31.903246",30000,54,210
1702729694,2023-12-16T12:28:14Z,ASL651,"54.744278,31.902519",30025,54,214
1702729698,2023-12-16T12:28:18Z,ASL651,"54.7435,31.901388",30025,53,220
1702729701,2023-12-16T12:28:21Z,ASL651,"54.742996,31.900581",30025,54,224
1702729704,2023-12-16T12:28:24Z,ASL651,"54.742538,31.899612",30025,54,227
1702729707,2023-12-16T12:28:27Z,ASL651,"54.742081,31.89847",30025,54,233
1702729710,2023-12-16T12:28:30Z,ASL651,"54.741707,31.897388",30025,54,240
1702729713,2023-12-16T12:28:33Z,ASL651,"54.741348,31.896299",30025,54,242
1702729716,2023-12-16T12:28:36Z,ASL651,"54.741074,31.895088",30000,54,249
1702729719,2023-12-16T12:28:39Z,ASL651,"54.740871,31.89381",30000,54,252
1702729722,2023-12-16T12:28:42Z,ASL651,"54.74073,31.892561",30000,53,259
1702729725,2023-12-16T12:28:45Z,ASL651,"54.740635,31.891314",30000,54,262
1702729728,2023-12-16T12:28:48Z,ASL651,"54.740589,31.889982",30000,54,268
1702729731,2023-12-16T12:28:51Z,ASL651,"54.740616,31.888626",30000,54,273
1702729734,2023-12-16T12:28:54Z,ASL651,"54.740662,31.88814",30000,54,276
1702729737,2023-12-16T12:28:57Z,ASL651,"54.740891,31.88604",30000,54,281
1702729741,2023-12-16T12:29:01Z,ASL651,"54.741119,31.884748",30000,54,288
1702729744,2023-12-16T12:29:04Z,ASL651,"54.741394,31.883535",30000,54,292
1702729746,2023-12-16T12:29:06Z,ASL651,"54.741707,31.88249",30000,54,297
1702729750,2023-12-16T12:29:10Z,ASL651,"54.742172,31.881159",30000,54,302
1702729753,2023-12-16T12:29:13Z,ASL651,"54.742638,31.880077",30000,54,307
1702729756,2023-12-16T12:29:16Z,ASL651,"54.743042,31.879255",30000,54,311
1702729759,2023-12-16T12:29:19Z,ASL651,"54.743637,31.878284",30000,53,316
1702729762,2023-12-16T12:29:22Z,ASL651,"54.744267,31.877413",30000,54,321
1702729765,2023-12-16T12:29:25Z,ASL651,"54.744919,31.876669",30000,54,327
1702729768,2023-12-16T12:29:28Z,ASL651,"54.74548,31.876081",30000,54,331
1702729771,2023-12-16T12:29:31Z,ASL651,"54.74641,31.875416",30000,54,337
1702729774,2023-12-16T12:29:34Z,ASL651,"54.747108,31.875",30000,54,341
1702729778,2023-12-16T12:29:38Z,ASL651,"54.747711,31.87475",30000,54,345
1702729780,2023-12-16T12:29:40Z,ASL651,"54.748169,31.874569",30000,54,348
1702729783,2023-12-16T12:29:43Z,ASL651,"54.748924,31.874418",29975,54,356
1702729786,2023-12-16T12:29:46Z,ASL651,"54.749947,31.874418",29975,54,360
1702729789,2023-12-16T12:29:49Z,ASL651,"54.75069,31.8745",29975,54,6
1702729793,2023-12-16T12:29:53Z,ASL651,"54.751465,31.874731",29975,54,7
1702729795,2023-12-16T12:29:55Z,ASL651,"54.752289,31.875135",29975,54,13
1702729799,2023-12-16T12:29:59Z,ASL651,"54.752884,31.875458",29975,54,17
1702729802,2023-12-16T12:30:02Z,ASL651,"54.753571,31.876022",29975,54,23
1702729805,2023-12-16T12:30:05Z,ASL651,"54.754368,31.876831",29975,54,29
1702729807,2023-12-16T12:30:07Z,ASL651,"54.754715,31.877235",29975,54,33
1702729811,2023-12-16T12:30:11Z,ASL651,"54.755402,31.878124",29975,54,39
1702729814,2023-12-16T12:30:14Z,ASL651,"54.756184,31.879412",30000,54,44
1702729818,2023-12-16T12:30:18Z,ASL651,"54.756775,31.880629",30000,54,51
1702729821,2023-12-16T12:30:21Z,ASL651,"54.757233,31.88176",30000,54,56
1702729824,2023-12-16T12:30:24Z,ASL651,"54.757599,31.882889",30000,54,60
1702729827,2023-12-16T12:30:27Z,ASL651,"54.757908,31.884071",30000,54,64
1702729830,2023-12-16T12:30:30Z,ASL651,"54.758141,31.885237",30000,54,68
1702729833,2023-12-16T12:30:33Z,ASL651,"54.758327,31.886402",30000,54,73
1702729836,2023-12-16T12:30:36Z,ASL651,"54.758469,31.887817",30000,54,79
1702729839,2023-12-16T12:30:39Z,ASL651,"54.75856,31.889029",30000,54,84
1702729842,2023-12-16T12:30:42Z,ASL651,"54.758514,31.890314",30000,50,95
1702729845,2023-12-16T12:30:45Z,ASL651,"54.758465,31.891979",30025,54,94
1702729849,2023-12-16T12:30:49Z,ASL651,"54.758327,31.893394",30025,53,100
1702729852,2023-12-16T12:30:52Z,ASL651,"54.758148,31.894604",30025,54,106
1702729854,2023-12-16T12:30:54Z,ASL651,"54.757908,31.895723",30025,54,110
1702729857,2023-12-16T12:30:57Z,ASL651,"54.757584,31.896973",30025,54,115
1702729861,2023-12-16T12:31:01Z,ASL651,"54.75721,31.898222",30025,54,118
1702729863,2023-12-16T12:31:03Z,ASL651,"54.756866,31.899046",30025,54,123
1702729867,2023-12-16T12:31:07Z,ASL651,"54.756271,31.900257",30025,54,129
1702729870,2023-12-16T12:31:10Z,ASL651,"54.755722,31.901228",30025,54,134
1702729873,2023-12-16T12:31:13Z,ASL651,"54.755116,31.902216",30025,54,138
1702729876,2023-12-16T12:31:16Z,ASL651,"54.75465,31.9028",30025,54,143
1702729879,2023-12-16T12:31:19Z,ASL651,"54.753998,31.903465",30025,53,148
1702729882,2023-12-16T12:31:22Z,ASL651,"54.7533,31.904131",30025,54,153
1702729886,2023-12-16T12:31:26Z,ASL651,"54.752556,31.904631",30025,54,159
1702729888,2023-12-16T12:31:28Z,ASL651,"54.751717,31.905046",30025,54,162
1702729891,2023-12-16T12:31:31Z,ASL651,"54.750973,31.905296",30025,54,167
1702729895,2023-12-16T12:31:35Z,ASL651,"54.750229,31.905428",30025,54,173
1702729897,2023-12-16T12:31:37Z,ASL651,"54.749451,31.905508",30025,54,176
1702729901,2023-12-16T12:31:41Z,ASL651,"54.748718,31.905428",30025,54,184
1702729903,2023-12-16T12:31:43Z,ASL651,"54.747993,31.905212",30025,54,187
1702729907,2023-12-16T12:31:47Z,ASL651,"54.747108,31.904879",30025,54,193
1702729910,2023-12-16T12:31:50Z,ASL651,"54.746429,31.904539",30000,54,198
1702729913,2023-12-16T12:31:53Z,ASL651,"54.745697,31.903975",30000,54,202
1702729916,2023-12-16T12:31:56Z,ASL651,"54.745056,31.903408",30000,54,207
1702729919,2023-12-16T12:31:59Z,ASL651,"54.744316,31.90255",30000,54,212
1702729922,2023-12-16T12:32:02Z,ASL651,"54.743801,31.901884",30000,54,217
1702729925,2023-12-16T12:32:05Z,ASL651,"54.743149,31.900885",30000,54,224
1702729928,2023-12-16T12:32:08Z,ASL651,"54.742676,31.899935",30000,54,228
1702729931,2023-12-16T12:32:11Z,ASL651,"54.742218,31.898884",30000,54,231
1702729934,2023-12-16T12:32:14Z,ASL651,"54.741848,31.897804",30000,54,237
1702729937,2023-12-16T12:32:17Z,ASL651,"54.741486,31.896704",30000,54,241
1702729940,2023-12-16T12:32:20Z,ASL651,"54.74115,31.895391",30000,54,247
1702729943,2023-12-16T12:32:23Z,ASL651,"54.740917,31.894142",30000,54,250
1702729947,2023-12-16T12:32:27Z,ASL651,"54.740753,31.892826",30000,54,257
1702729950,2023-12-16T12:32:30Z,ASL651,"54.740635,31.891479",30000,54,262
1702729953,2023-12-16T12:32:33Z,ASL651,"54.740589,31.890148",30000,54,266
1702729956,2023-12-16T12:32:36Z,ASL651,"54.740589,31.888899",30000,54,270
1702729958,2023-12-16T12:32:38Z,ASL651,"54.740662,31.887655",30000,54,276
1702729962,2023-12-16T12:32:42Z,ASL651,"54.740822,31.886236",30000,54,281
1702729965,2023-12-16T12:32:45Z,ASL651,"54.741009,31.885321",30000,54,286
1702729968,2023-12-16T12:32:48Z,ASL651,"54.741287,31.883905",30000,54,290
1702729971,2023-12-16T12:32:51Z,ASL651,"54.741661,31.882574",30000,54,296
1702729974,2023-12-16T12:32:54Z,ASL651,"54.742035,31.881516",30000,54,300
1702729977,2023-12-16T12:32:57Z,ASL651,"54.7425,31.880327",30000,53,305
1702729980,2023-12-16T12:33:00Z,ASL651,"54.74287,31.879578",30000,54,309
1702729983,2023-12-16T12:33:03Z,ASL651,"54.743454,31.878527",30000,53,315
1702729986,2023-12-16T12:33:06Z,ASL651,"54.744095,31.87764",30000,53,319
1702729989,2023-12-16T12:33:09Z,ASL651,"54.744736,31.876831",30000,54,326
1702729992,2023-12-16T12:33:12Z,ASL651,"54.745285,31.876266",30000,54,331
1702729995,2023-12-16T12:33:15Z,ASL651,"54.746082,31.875666",30000,54,333
1702729998,2023-12-16T12:33:18Z,ASL651,"54.746689,31.87525",30000,54,338
1702730001,2023-12-16T12:33:21Z,ASL651,"54.747482,31.874811",30000,54,343
1702730004,2023-12-16T12:33:24Z,ASL651,"54.748306,31.874569",30000,54,350
1702730007,2023-12-16T12:33:27Z,ASL651,"54.749062,31.874418",30025,54,354
1702730011,2023-12-16T12:33:31Z,ASL651,"54.749863,31.874407",30025,54,356
1702730013,2023-12-16T12:33:33Z,ASL651,"54.750504,31.874489",30025,54,3
1702730016,2023-12-16T12:33:36Z,ASL651,"54.751282,31.874649",30025,54,7
1702730020,2023-12-16T12:33:40Z,ASL651,"54.752106,31.875053",30025,54,13
1702730023,2023-12-16T12:33:43Z,ASL651,"54.752693,31.875416",30025,54,19
1702730025,2023-12-16T12:33:45Z,ASL651,"54.753433,31.875942",30025,54,22
1702730029,2023-12-16T12:33:49Z,ASL651,"54.754185,31.876581",30025,54,28
1702730032,2023-12-16T12:33:52Z,ASL651,"54.754807,31.877316",30025,54,32
1702730035,2023-12-16T12:33:55Z,ASL651,"54.755402,31.878124",30025,54,38
1702730038,2023-12-16T12:33:58Z,ASL651,"54.755951,31.878996",30025,54,42
1702730040,2023-12-16T12:34:00Z,ASL651,"54.756363,31.87982",30025,54,45
1702730044,2023-12-16T12:34:04Z,ASL651,"54.756931,31.880993",30025,54,52
1702730047,2023-12-16T12:34:07Z,ASL651,"54.757301,31.882074",30025,54,57
1702730050,2023-12-16T12:34:10Z,ASL651,"54.757675,31.88324",30025,54,62
1702730053,2023-12-16T12:34:13Z,ASL651,"54.757965,31.884424",30025,54,67
1702730056,2023-12-16T12:34:16Z,ASL651,"54.758186,31.885653",30025,54,71
1702730059,2023-12-16T12:34:19Z,ASL651,"54.758373,31.886902",30025,54,77
1702730062,2023-12-16T12:34:22Z,ASL651,"54.758514,31.888302",30025,54,81
1702730065,2023-12-16T12:34:25Z,ASL651,"54.75856,31.889648",30025,54,87
1702730068,2023-12-16T12:34:28Z,ASL651,"54.758514,31.890968",30025,54,93
1702730071,2023-12-16T12:34:31Z,ASL651,"54.758465,31.892395",30025,54,97
1702730075,2023-12-16T12:34:35Z,ASL651,"54.758286,31.893715",30025,54,102
1702730078,2023-12-16T12:34:38Z,ASL651,"54.758057,31.895006",30025,54,107
1702730081,2023-12-16T12:34:41Z,ASL651,"54.757782,31.896219",30025,53,111
1702730084,2023-12-16T12:34:44Z,ASL651,"54.757416,31.897511",30025,54,116
1702730087,2023-12-16T12:34:47Z,ASL651,"54.756958,31.898724",30025,54,123
1702730090,2023-12-16T12:34:50Z,ASL651,"54.756546,31.899773",30025,54,126
1702730094,2023-12-16T12:34:54Z,ASL651,"54.756001,31.900801",30025,54,132
1702730096,2023-12-16T12:34:56Z,ASL651,"54.75544,31.901716",30025,54,137
1702730100,2023-12-16T12:35:00Z,ASL651,"54.754807,31.902601",30025,54,142
1702730103,2023-12-16T12:35:03Z,ASL651,"54.754166,31.903328",30025,54,146
1702730106,2023-12-16T12:35:06Z,ASL651,"54.753479,31.903975",30025,54,151
1702730109,2023-12-16T12:35:09Z,ASL651,"54.752792,31.904459",30025,54,156
1702730112,2023-12-16T12:35:12Z,ASL651,"54.752136,31.904879",30025,54,161
1702730115,2023-12-16T12:35:15Z,ASL651,"54.751389,31.905212",30025,54,166
1702730118,2023-12-16T12:35:18Z,ASL651,"54.750599,31.905378",30025,54,170
1702730121,2023-12-16T12:35:21Z,ASL651,"54.749714,31.905462",30025,54,175
1702730124,2023-12-16T12:35:24Z,ASL651,"54.74897,31.905462",30025,54,182
1702730127,2023-12-16T12:35:27Z,ASL651,"54.748169,31.905348",30025,54,187
1702730131,2023-12-16T12:35:31Z,ASL651,"54.747482,31.905106",30025,54,191
1702730133,2023-12-16T12:35:33Z,ASL651,"54.74678,31.904713",30025,54,194
1702730137,2023-12-16T12:35:37Z,ASL651,"54.746082,31.904297",30000,54,201
1702730140,2023-12-16T12:35:40Z,ASL651,"54.745239,31.90357",30000,54,206
1702730143,2023-12-16T12:35:43Z,ASL651,"54.74464,31.902966",30000,54,210
1702730146,2023-12-16T12:35:46Z,ASL651,"54.744003,31.902115",30000,54,216
1702730149,2023-12-16T12:35:49Z,ASL651,"54.743408,31.901308",30000,53,220
1702730152,2023-12-16T12:35:52Z,ASL651,"54.74287,31.900301",30000,54,225
1702730155,2023-12-16T12:35:55Z,ASL651,"54.742401,31.899288",30000,54,231
1702730158,2023-12-16T12:35:58Z,ASL651,"54.741894,31.898054",30000,54,236
1702730161,2023-12-16T12:36:01Z,ASL651,"54.741531,31.896946",30000,54,241
1702730165,2023-12-16T12:36:05Z,ASL651,"54.741211,31.895735",30000,54,246
1702730168,2023-12-16T12:36:08Z,ASL651,"54.740963,31.89456",30000,54,250
1702730170,2023-12-16T12:36:10Z,ASL651,"54.740799,31.89323",30000,54,256
1702730174,2023-12-16T12:36:14Z,ASL651,"54.740662,31.892017",30000,54,260
1702730176,2023-12-16T12:36:16Z,ASL651,"54.74057,31.890726",30000,54,265
1702730180,2023-12-16T12:36:20Z,ASL651,"54.740589,31.889315",30000,54,270
1702730186,2023-12-16T12:36:26Z,ASL651,"54.740776,31.886818",30000,54,279
1702730188,2023-12-16T12:36:28Z,ASL651,"54.740936,31.885717",30000,54,284
1702730192,2023-12-16T12:36:32Z,ASL651,"54.741211,31.884182",30000,54,289
1702730194,2023-12-16T12:36:34Z,ASL651,"54.74144,31.883375",30000,54,292
1702730196,2023-12-16T12:36:36Z,ASL651,"54.741707,31.882408",30000,54,296
1702730200,2023-12-16T12:36:40Z,ASL651,"54.742218,31.880993",30000,54,303
1702730203,2023-12-16T12:36:43Z,ASL651,"54.742592,31.880159",30000,54,307
1702730206,2023-12-16T12:36:46Z,ASL651,"54.743149,31.879078",30000,54,311
1702730209,2023-12-16T12:36:49Z,ASL651,"54.74371,31.878162",30000,53,318
1702730212,2023-12-16T12:36:52Z,ASL651,"54.744362,31.877247",30000,54,322
1702730215,2023-12-16T12:36:55Z,ASL651,"54.744965,31.876589",30000,54,327
1702730218,2023-12-16T12:36:58Z,ASL651,"54.74548,31.876081",30000,54,332
1702730221,2023-12-16T12:37:01Z,ASL651,"54.746338,31.875458",30000,54,337
1702730224,2023-12-16T12:37:04Z,ASL651,"54.747063,31.875",30000,54,340
1702730227,2023-12-16T12:37:07Z,ASL651,"54.747852,31.874666",30000,54,347
1702730230,2023-12-16T12:37:10Z,ASL651,"54.748581,31.874489",30000,54,351
1702730233,2023-12-16T12:37:13Z,ASL651,"54.74913,31.874407",30000,54,354
1702730237,2023-12-16T12:37:17Z,ASL651,"54.750137,31.874407",30000,54,360
1702730240,2023-12-16T12:37:20Z,ASL651,"54.750824,31.874569",30025,54,6
1702730243,2023-12-16T12:37:23Z,ASL651,"54.751602,31.874811",30025,54,9
1702730245,2023-12-16T12:37:25Z,ASL651,"54.752243,31.875135",30025,54,13
1702730249,2023-12-16T12:37:29Z,ASL651,"54.753067,31.87562",30025,54,20
1702730252,2023-12-16T12:37:32Z,ASL651,"54.753662,31.876104",30025,54,25
1702730255,2023-12-16T12:37:35Z,ASL651,"54.754322,31.876747",30025,54,29
1702730258,2023-12-16T12:37:38Z,ASL651,"54.755035,31.877558",30025,53,35
1702730261,2023-12-16T12:37:41Z,ASL651,"54.755581,31.878412",30025,54,39
1702730264,2023-12-16T12:37:44Z,ASL651,"54.756138,31.879328",30025,54,44
1702730267,2023-12-16T12:37:47Z,ASL651,"54.756638,31.880304",30025,53,49
1702730270,2023-12-16T12:37:50Z,ASL651,"54.757095,31.881435",30025,54,53
1702730273,2023-12-16T12:37:53Z,ASL651,"54.757416,31.882404",30025,54,59
1702730276,2023-12-16T12:37:56Z,ASL651,"54.757828,31.88394",30025,54,64
1702730279,2023-12-16T12:37:59Z,ASL651,"54.758095,31.885155",30025,54,70
1702730282,2023-12-16T12:38:02Z,ASL651,"54.758282,31.886236",30025,54,75
1702730285,2023-12-16T12:38:05Z,ASL651,"54.758465,31.887651",30025,54,79
1702730288,2023-12-16T12:38:08Z,ASL651,"54.758514,31.888948",30025,54,84
1702730291,2023-12-16T12:38:11Z,ASL651,"54.75856,31.89023",30025,51,92
1702730294,2023-12-16T12:38:14Z,ASL651,"54.758514,31.891563",30025,54,94
1702730298,2023-12-16T12:38:18Z,ASL651,"54.758377,31.892826",30025,54,99
1702730301,2023-12-16T12:38:21Z,ASL651,"54.758232,31.894142",30025,54,103
1702730304,2023-12-16T12:38:24Z,ASL651,"54.757965,31.895573",30025,54,108
1702730307,2023-12-16T12:38:27Z,ASL651,"54.757721,31.896557",30025,54,113
1702730310,2023-12-16T12:38:30Z,ASL651,"54.757301,31.897888",30025,54,118
1702730313,2023-12-16T12:38:33Z,ASL651,"54.756912,31.898966",30025,54,123
1702730316,2023-12-16T12:38:36Z,ASL651,"54.756512,31.899803",30025,54,127
1702730319,2023-12-16T12:38:39Z,ASL651,"54.755859,31.901066",30025,54,134
1702730322,2023-12-16T12:38:42Z,ASL651,"54.755302,31.901966",30025,54,137
1702730326,2023-12-16T12:38:46Z,ASL651,"54.754669,31.902761",30025,54,143
1702730329,2023-12-16T12:38:49Z,ASL651,"54.753983,31.903488",30025,53,148
1702730332,2023-12-16T12:38:52Z,ASL651,"54.753433,31.903975",30025,54,153
1702730335,2023-12-16T12:38:55Z,ASL651,"54.752609,31.904619",30025,54,158
1702730338,2023-12-16T12:38:58Z,ASL651,"54.751831,31.905024",30000,54,162
1702730341,2023-12-16T12:39:01Z,ASL651,"54.751144,31.905266",30000,54,167
1702730344,2023-12-16T12:39:04Z,ASL651,"54.75032,31.905428",30000,54,172
1702730347,2023-12-16T12:39:07Z,ASL651,"54.749577,31.905462",30000,54,176
1702730350,2023-12-16T12:39:10Z,ASL651,"54.748901,31.905428",30000,54,182
1702730353,2023-12-16T12:39:13Z,ASL651,"54.748039,31.905296",30000,54,187
1702730356,2023-12-16T12:39:16Z,ASL651,"54.747345,31.905024",30000,54,193
1702730359,2023-12-16T12:39:19Z,ASL651,"54.746521,31.904539",30000,54,198
1702730362,2023-12-16T12:39:22Z,ASL651,"54.74588,31.904135",30000,54,201
1702730365,2023-12-16T12:39:25Z,ASL651,"54.745663,31.903963",30000,54,206
1702730368,2023-12-16T12:39:28Z,ASL651,"54.744499,31.9028",30000,54,212
1702730371,2023-12-16T12:39:31Z,ASL651,"54.743896,31.90205",29975,54,217
1702730374,2023-12-16T12:39:34Z,ASL651,"54.74329,31.901134",30000,54,222
1702730378,2023-12-16T12:39:38Z,ASL651,"54.742779,31.900135",29975,54,227
1702730380,2023-12-16T12:39:40Z,ASL651,"54.742355,31.899288",29975,54,231
1702730383,2023-12-16T12:39:43Z,ASL651,"54.74194,31.898138",29975,54,236
1702730387,2023-12-16T12:39:47Z,ASL651,"54.741531,31.896866",29975,54,241
1702730389,2023-12-16T12:39:49Z,ASL651,"54.741241,31.895723",29975,54,246
1702730392,2023-12-16T12:39:52Z,ASL651,"54.741028,31.894684",29975,54,249
1702730396,2023-12-16T12:39:56Z,ASL651,"54.740753,31.89323",29975,54,256
1702730399,2023-12-16T12:39:59Z,ASL651,"54.740635,31.891895",29975,54,260
1702730402,2023-12-16T12:40:02Z,ASL651,"54.740589,31.890564",29975,54,264
1702730405,2023-12-16T12:40:05Z,ASL651,"54.740589,31.889315",29975,54,270
1702730408,2023-12-16T12:40:08Z,ASL651,"54.740662,31.88798",29975,54,273
1702730411,2023-12-16T12:40:11Z,ASL651,"54.740753,31.886848",29975,54,279
1702730414,2023-12-16T12:40:14Z,ASL651,"54.740982,31.885393",29975,54,284
1702730417,2023-12-16T12:40:17Z,ASL651,"54.741196,31.884239",29975,54,289
1702730420,2023-12-16T12:40:20Z,ASL651,"54.741531,31.883051",29975,54,293
1702730423,2023-12-16T12:40:23Z,ASL651,"54.741852,31.88192",29975,54,297
1702730426,2023-12-16T12:40:26Z,ASL651,"54.742218,31.880993",29975,54,303
1702730429,2023-12-16T12:40:29Z,ASL651,"54.742767,31.87974",29975,54,308
1702730432,2023-12-16T12:40:32Z,ASL651,"54.74329,31.878828",29975,54,312
1702730435,2023-12-16T12:40:35Z,ASL651,"54.743866,31.877962",29975,53,318
1702730438,2023-12-16T12:40:38Z,ASL651,"54.744553,31.877073",29975,54,323
1702730441,2023-12-16T12:40:41Z,ASL651,"54.745056,31.876509",29975,54,329
1702730444,2023-12-16T12:40:44Z,ASL651,"54.745743,31.875862",29975,54,332
1702730447,2023-12-16T12:40:47Z,ASL651,"54.746521,31.875378",29975,54,338
1702730450,2023-12-16T12:40:50Z,ASL651,"54.747246,31.874916",29975,54,341
1702730453,2023-12-16T12:40:53Z,ASL651,"54.747993,31.874666",29975,54,348
1702730456,2023-12-16T12:40:56Z,ASL651,"54.748672,31.874489",29975,54,353
1702730459,2023-12-16T12:40:59Z,ASL651,"54.749451,31.874407",29975,54,356
1702730462,2023-12-16T12:41:02Z,ASL651,"54.750229,31.874489",29975,54,1
1702730465,2023-12-16T12:41:05Z,ASL651,"54.750599,31.8745",29975,54,6
1702730468,2023-12-16T12:41:08Z,ASL651,"54.751762,31.874916",29975,54,12
1702730471,2023-12-16T12:41:11Z,ASL651,"54.752289,31.875135",29975,54,17
1702730474,2023-12-16T12:41:14Z,ASL651,"54.753204,31.87575",29975,54,22
1702730477,2023-12-16T12:41:17Z,ASL651,"54.753765,31.876249",29975,54,27
1702730480,2023-12-16T12:41:20Z,ASL651,"54.754532,31.876993",29975,54,32
1702730483,2023-12-16T12:41:23Z,ASL651,"54.755127,31.87772",29975,54,36
1702730486,2023-12-16T12:41:26Z,ASL651,"54.755672,31.878578",29975,54,41
1702730489,2023-12-16T12:41:29Z,ASL651,"54.756226,31.879498",29975,54,43
1702730492,2023-12-16T12:41:32Z,ASL651,"54.756699,31.880493",29975,54,51
1702730496,2023-12-16T12:41:36Z,ASL651,"54.757141,31.881598",30000,54,55
1702730498,2023-12-16T12:41:38Z,ASL651,"54.757488,31.882658",30000,54,60
1702730502,2023-12-16T12:41:42Z,ASL651,"54.757862,31.883905",30000,54,64
1702730505,2023-12-16T12:41:45Z,ASL651,"54.758102,31.885151",30000,54,70
1702730508,2023-12-16T12:41:48Z,ASL651,"54.758327,31.886402",30000,54,75
1702730511,2023-12-16T12:41:51Z,ASL651,"54.758469,31.887737",30000,54,79
1702730514,2023-12-16T12:41:54Z,ASL651,"54.75856,31.889029",30000,54,84
1702730517,2023-12-16T12:41:57Z,ASL651,"54.75856,31.890402",30000,52,92
1702730520,2023-12-16T12:42:00Z,ASL651,"54.758469,31.891775",30000,54,94
1702730523,2023-12-16T12:42:03Z,ASL651,"54.758377,31.893068",30000,54,99
1702730526,2023-12-16T12:42:06Z,ASL651,"54.758232,31.894142",30000,54,103
1702730529,2023-12-16T12:42:09Z,ASL651,"54.757954,31.895475",30000,54,108
1702730532,2023-12-16T12:42:12Z,ASL651,"54.757629,31.896723",30000,54,115
1702730535,2023-12-16T12:42:15Z,ASL651,"54.757278,31.897995",30000,54,119
1702730538,2023-12-16T12:42:18Z,ASL651,"54.756912,31.898966",30000,54,123
1702730541,2023-12-16T12:42:21Z,ASL651,"54.756363,31.900097",30000,54,129
1702730544,2023-12-16T12:42:24Z,ASL651,"54.755859,31.901066",30000,54,134
1702730547,2023-12-16T12:42:27Z,ASL651,"54.75531,31.901873",30000,54,138
1702730550,2023-12-16T12:42:30Z,ASL651,"54.754715,31.902681",30000,54,143
1702730553,2023-12-16T12:42:33Z,ASL651,"54.754074,31.903408",30000,53,148
1702730556,2023-12-16T12:42:36Z,ASL651,"54.753387,31.903975",30000,54,153
1702730559,2023-12-16T12:42:39Z,ASL651,"54.752747,31.904539",30000,54,158
1702730562,2023-12-16T12:42:42Z,ASL651,"54.752136,31.904879",30000,54,162
1702730565,2023-12-16T12:42:45Z,ASL651,"54.751282,31.905186",30000,54,166
1702730569,2023-12-16T12:42:49Z,ASL651,"54.750412,31.905462",30000,54,172
1702730571,2023-12-16T12:42:51Z,ASL651,"54.74968,31.905508",30000,54,176
1702730575,2023-12-16T12:42:55Z,ASL651,"54.748856,31.905428",30000,54,181
1702730578,2023-12-16T12:42:58Z,ASL651,"54.748226,31.905296",30000,54,187
1702730581,2023-12-16T12:43:01Z,ASL651,"54.747482,31.905106",30000,54,191
1702730584,2023-12-16T12:43:04Z,ASL651,"54.746841,31.904781",30000,54,197
1702730587,2023-12-16T12:43:07Z,ASL651,"54.746063,31.904297",30000,54,201
1702730590,2023-12-16T12:43:10Z,ASL651,"54.745239,31.90357",30000,54,206
1702730593,2023-12-16T12:43:13Z,ASL651,"54.744598,31.902924",30000,54,210
1702730596,2023-12-16T12:43:16Z,ASL651,"54.744003,31.902115",30000,54,216
1702730599,2023-12-16T12:43:19Z,ASL651,"54.743431,31.9013",30000,53,220
1702730602,2023-12-16T12:43:22Z,ASL651,"54.742825,31.900301",30000,54,225
1702730605,2023-12-16T12:43:25Z,ASL651,"54.742355,31.899208",30000,54,231
1702730608,2023-12-16T12:43:28Z,ASL651,"54.741989,31.898319",30000,54,236
1702730611,2023-12-16T12:43:31Z,ASL651,"54.741623,31.897268",30000,54,240
1702730614,2023-12-16T12:43:34Z,ASL651,"54.741287,31.895973",30000,54,244
1702730617,2023-12-16T12:43:37Z,ASL651,"54.740982,31.894604",30000,54,249
1702730620,2023-12-16T12:43:40Z,ASL651,"54.740822,31.893394",30000,54,256
1702730624,2023-12-16T12:43:44Z,ASL651,"54.740662,31.892099",30000,54,260
1702730627,2023-12-16T12:43:47Z,ASL651,"54.74057,31.890644",30000,54,264
1702730630,2023-12-16T12:43:50Z,ASL651,"54.74057,31.889271",30000,54,270
1702730633,2023-12-16T12:43:53Z,ASL651,"54.740635,31.887983",30000,54,275
1702730636,2023-12-16T12:43:56Z,ASL651,"54.740799,31.886686",30000,54,279
1702730639,2023-12-16T12:43:59Z,ASL651,"54.740963,31.885405",30000,54,286
1702730642,2023-12-16T12:44:02Z,ASL651,"54.741241,31.884155",30000,54,289
1702730645,2023-12-16T12:44:05Z,ASL651,"54.74157,31.882906",30025,54,296
1702730648,2023-12-16T12:44:08Z,ASL651,"54.741898,31.88184",30025,54,300
1702730651,2023-12-16T12:44:11Z,ASL651,"54.742313,31.880743",30000,53,305
1702730654,2023-12-16T12:44:14Z,ASL651,"54.742813,31.87974",30000,54,308
1702730657,2023-12-16T12:44:17Z,ASL651,"54.743362,31.878769",30025,54,314
1702730660,2023-12-16T12:44:20Z,ASL651,"54.743958,31.8778",30025,53,319
1702730663,2023-12-16T12:44:23Z,ASL651,"54.744595,31.876997",30025,54,323
1702730667,2023-12-16T12:44:27Z,ASL651,"54.745285,31.876347",30025,54,329
1702730669,2023-12-16T12:44:29Z,ASL651,"54.745945,31.87575",30025,54,333
1702730673,2023-12-16T12:44:33Z,ASL651,"54.746643,31.87525",30025,54,338
1702730675,2023-12-16T12:44:35Z,ASL651,"54.747341,31.874916",30025,54,343
1702730678,2023-12-16T12:44:38Z,ASL651,"54.748085,31.874666",30000,54,348
1702730682,2023-12-16T12:44:42Z,ASL651,"54.748829,31.8745",30000,54,354
1702730685,2023-12-16T12:44:45Z,ASL651,"54.749725,31.874407",30025,54,357
1702730688,2023-12-16T12:44:48Z,ASL651,"54.750458,31.874489",30025,54,4
1702730691,2023-12-16T12:44:51Z,ASL651,"54.751205,31.874666",30025,54,6
1702730694,2023-12-16T12:44:54Z,ASL651,"54.751904,31.875",30025,54,12
1702730697,2023-12-16T12:44:57Z,ASL651,"54.752747,31.875378",30025,54,19
1702730700,2023-12-16T12:45:00Z,ASL651,"54.753433,31.875942",30025,54,23
1702730703,2023-12-16T12:45:03Z,ASL651,"54.754044,31.876497",30025,54,27
1702730706,2023-12-16T12:45:06Z,ASL651,"54.754715,31.877153",30025,54,32
1702730709,2023-12-16T12:45:09Z,ASL651,"54.755348,31.877996",30000,54,38
1702730713,2023-12-16T12:45:13Z,ASL651,"54.755905,31.878931",30000,54,42
1702730715,2023-12-16T12:45:15Z,ASL651,"54.756363,31.87982",30000,54,45
1702730719,2023-12-16T12:45:19Z,ASL651,"54.756836,31.880827",30000,54,52
1702730721,2023-12-16T12:45:21Z,ASL651,"54.757256,31.88199",30000,54,57
1702730725,2023-12-16T12:45:25Z,ASL651,"54.757629,31.883074",30000,54,62
1702730728,2023-12-16T12:45:28Z,ASL651,"54.757954,31.884405",30000,54,67
1702730731,2023-12-16T12:45:31Z,ASL651,"54.758194,31.885635",30000,54,71
1702730734,2023-12-16T12:45:34Z,ASL651,"54.758373,31.886902",30000,54,76
1702730737,2023-12-16T12:45:37Z,ASL651,"54.758514,31.888382",30000,54,81
1702730740,2023-12-16T12:45:40Z,ASL651,"54.75856,31.889675",30000,54,85
1702730743,2023-12-16T12:45:43Z,ASL651,"54.758514,31.890898",30000,54,91
1702730746,2023-12-16T12:45:46Z,ASL651,"54.758469,31.89226",30000,54,95
1702730749,2023-12-16T12:45:49Z,ASL651,"54.758327,31.89356",30000,54,101
1702730752,2023-12-16T12:45:52Z,ASL651,"54.758102,31.894764",30000,53,105
1702730755,2023-12-16T12:45:55Z,ASL651,"54.757816,31.896141",30000,54,111
1702730758,2023-12-16T12:45:58Z,ASL651,"54.757488,31.897223",30000,54,115
1702730761,2023-12-16T12:46:01Z,ASL651,"54.757141,31.898319",30000,53,121
1702730765,2023-12-16T12:46:05Z,ASL651,"54.756638,31.899612",30000,54,126
1702730767,2023-12-16T12:46:07Z,ASL651,"54.75618,31.900499",30000,54,131
1702730771,2023-12-16T12:46:11Z,ASL651,"54.755581,31.901466",30000,54,135
1702730774,2023-12-16T12:46:14Z,ASL651,"54.755035,31.902277",30000,54,142
1702730777,2023-12-16T12:46:17Z,ASL651,"54.754395,31.903086",30000,54,145
1702730780,2023-12-16T12:46:20Z,ASL651,"54.753754,31.903732",30000,54,150
1702730783,2023-12-16T12:46:23Z,ASL651,"54.753021,31.904297",30000,54,156
1702730786,2023-12-16T12:46:26Z,ASL651,"54.752289,31.904781",30000,54,159
1702730789,2023-12-16T12:46:29Z,ASL651,"54.751621,31.905128",30000,54,163
1702730792,2023-12-16T12:46:32Z,ASL651,"54.75087,31.905348",30000,53,169
1702730795,2023-12-16T12:46:35Z,ASL651,"54.750088,31.905462",30000,54,173
1702730799,2023-12-16T12:46:39Z,ASL651,"54.749111,31.905462",30000,54,181
1702730802,2023-12-16T12:46:42Z,ASL651,"54.748352,31.905348",30000,54,185
1702730805,2023-12-16T12:46:45Z,ASL651,"54.74762,31.905128",30000,54,190
1702730808,2023-12-16T12:46:48Z,ASL651,"54.746922,31.904797",30000,54,194
1702730811,2023-12-16T12:46:51Z,ASL651,"54.746201,31.904377",30025,54,199
1702730814,2023-12-16T12:46:54Z,ASL651,"54.74548,31.903797",30000,55,204
1702730817,2023-12-16T12:46:57Z,ASL651,"54.744827,31.903166",30025,54,209
1702730820,2023-12-16T12:47:00Z,ASL651,"54.744221,31.902466",30025,54,214
1702730823,2023-12-16T12:47:03Z,ASL651,"54.743523,31.901466",30025,53,220
1702730826,2023-12-16T12:47:06Z,ASL651,"54.742996,31.900581",30025,54,224
1702730829,2023-12-16T12:47:09Z,ASL651,"54.7425,31.899553",30025,54,230
1702730832,2023-12-16T12:47:12Z,ASL651,"54.742081,31.898638",30025,54,235
1702730835,2023-12-16T12:47:15Z,ASL651,"54.741714,31.897511",30025,54,237
1702730838,2023-12-16T12:47:18Z,ASL651,"54.741348,31.896299",30025,54,244
1702730841,2023-12-16T12:47:21Z,ASL651,"54.741055,31.894976",30000,54,249
1702730844,2023-12-16T12:47:24Z,ASL651,"54.740845,31.893715",30000,54,253
1702730848,2023-12-16T12:47:28Z,ASL651,"54.740685,31.892311",30000,54,257
1702730851,2023-12-16T12:47:31Z,ASL651,"54.740589,31.891064",30025,54,263
1702730854,2023-12-16T12:47:34Z,ASL651,"54.74057,31.889755",30000,54,267
1702730857,2023-12-16T12:47:37Z,ASL651,"54.740616,31.888786",30000,54,273
1702730860,2023-12-16T12:47:40Z,ASL651,"54.740707,31.887333",30000,54,278
1702730862,2023-12-16T12:47:42Z,ASL651,"54.740891,31.88596",30025,54,281
1702730866,2023-12-16T12:47:46Z,ASL651,"54.741104,31.884737",30025,54,288
1702730869,2023-12-16T12:47:49Z,ASL651,"54.741383,31.883574",30025,54,292
1702730872,2023-12-16T12:47:52Z,ASL651,"54.741802,31.882074",30025,54,298
1702730875,2023-12-16T12:47:55Z,ASL651,"54.742264,31.880871",30025,54,303
1702730878,2023-12-16T12:47:58Z,ASL651,"54.742733,31.879911",30025,54,308
1702730882,2023-12-16T12:48:02Z,ASL651,"54.743198,31.878996",30025,54,312
1702730885,2023-12-16T12:48:05Z,ASL651,"54.743755,31.87808",30000,53,318
1702730888,2023-12-16T12:48:08Z,ASL651,"54.744415,31.877235",30000,54,322
1702730890,2023-12-16T12:48:10Z,ASL651,"54.745056,31.876509",30000,54,327
1702730894,2023-12-16T12:48:14Z,ASL651,"54.745697,31.875942",30000,54,332
1702730897,2023-12-16T12:48:17Z,ASL651,"54.746456,31.875416",30000,54,337
1702730900,2023-12-16T12:48:20Z,ASL651,"54.747108,31.875",30000,54,341
1702730903,2023-12-16T12:48:23Z,ASL651,"54.740982,31.894522",30000,53,344, jump 2
1702732925,2023-12-16T13:22:05Z,ASL651,"51.858273,22.448492",31000,528,196, jump 2 
1702733044,2023-12-16T13:24:04Z,ASL651,"51.578796,22.318323",31000,526,195
1702733165,2023-12-16T13:26:05Z,ASL651,"51.293945,22.186668",31000,528,197
1702733285,2023-12-16T13:28:05Z,ASL651,"51.020824,22.063236",31000,532,195
1702733404,2023-12-16T13:30:04Z,ASL651,"50.732391,21.934498",31025,532,195
1702733525,2023-12-16T13:32:05Z,ASL651,"50.453037,21.811384",31000,529,195
1702733619,2023-12-16T13:33:39Z,ASL651,"50.163548,21.685724",30975,530,195
1702733765,2023-12-16T13:36:05Z,ASL651,"49.880306,21.563519",31025,532,194
1702733885,2023-12-16T13:38:05Z,ASL651,"49.59919,21.44495",30975,532,195
1702734005,2023-12-16T13:40:05Z,ASL651,"49.31287,21.325453",31025,536,194
1702734379,2023-12-16T13:46:19Z,ASL651,"48.172718,20.861408",31025,532,194
1702734436,2023-12-16T13:47:16Z,ASL651,"47.990891,20.789566",31000,532,194
1702734469,2023-12-16T13:47:49Z,ASL651,"47.90712,20.756538",31000,532,194
1702734502,2023-12-16T13:48:22Z,ASL651,"47.82814,20.725567",31000,533,194
1702734534,2023-12-16T13:48:54Z,ASL651,"47.750244,20.695084",31000,534,194
1702734567,2023-12-16T13:49:27Z,ASL651,"47.671097,20.664185",31000,533,194
1702734600,2023-12-16T13:50:00Z,ASL651,"47.592819,20.633732",31000,532,194
1702734634,2023-12-16T13:50:34Z,ASL651,"47.51239,20.602592",31000,533,194
1702734667,2023-12-16T13:51:07Z,ASL651,"47.433659,20.572182",31000,532,194
1702734700,2023-12-16T13:51:40Z,ASL651,"47.354332,20.541616",31000,533,194
1702734731,2023-12-16T13:52:11Z,ASL651,"47.282227,20.513947",31000,532,194
1702734764,2023-12-16T13:52:44Z,ASL651,"47.203411,20.483656",31000,533,194
1702734797,2023-12-16T13:53:17Z,ASL651,"47.124645,20.453514",31025,532,194
1702734829,2023-12-16T13:53:49Z,ASL651,"47.04863,20.424751",31000,532,194
1702734862,2023-12-16T13:54:22Z,ASL651,"46.969719,20.39485",31000,532,194
1702734895,2023-12-16T13:54:55Z,ASL651,"46.89072,20.36492",31000,532,194
1702734925,2023-12-16T13:55:25Z,ASL651,"46.819244,20.337971",31000,531,194
1702734958,2023-12-16T13:55:58Z,ASL651,"46.741013,20.308428",30600,528,194
1702734991,2023-12-16T13:56:31Z,ASL651,"46.662643,20.278887",30075,528,194
1702735024,2023-12-16T13:57:04Z,ASL651,"46.58519,20.249947",29575,514,194
1702735058,2023-12-16T13:57:38Z,ASL651,"46.509598,20.221848",29075,506,194
1702735091,2023-12-16T13:58:11Z,ASL651,"46.435089,20.195885",29000,506,189
1702735103,2023-12-16T13:58:23Z,ASL651,"46.405289,20.191196",28975,501,183
1702735106,2023-12-16T13:58:26Z,ASL651,"46.398708,20.190811",29000,500,182
1702735109,2023-12-16T13:58:29Z,ASL651,"46.394211,20.190727",29000,499,180
1702735112,2023-12-16T13:58:32Z,ASL651,"46.384323,20.190928",29000,498,179
1702735115,2023-12-16T13:58:35Z,ASL651,"46.377575,20.19136",29000,495,177
1702735118,2023-12-16T13:58:38Z,ASL651,"46.373566,20.191732",29000,494,176
1702735120,2023-12-16T13:58:40Z,ASL651,"46.366516,20.192671",29000,493,174
1702735124,2023-12-16T13:58:44Z,ASL651,"46.357315,20.194279",29000,490,173
1702735127,2023-12-16T13:58:47Z,ASL651,"46.353745,20.195082",29000,489,171
1702735130,2023-12-16T13:58:50Z,ASL651,"46.343765,20.197561",29000,486,169
1702735132,2023-12-16T13:58:52Z,ASL651,"46.340099,20.198639",29000,485,168
1702735136,2023-12-16T13:58:56Z,ASL651,"46.330696,20.201454",29000,484,168
1702735139,2023-12-16T13:58:59Z,ASL651,"46.324265,20.203455",29000,482,168
1702735142,2023-12-16T13:59:02Z,ASL651,"46.317719,20.205465",29000,483,167
1702735145,2023-12-16T13:59:05Z,ASL651,"46.311996,20.207207",29000,482,167
1702735176,2023-12-16T13:59:36Z,ASL651,"46.242851,20.228714",28975,484,167
1702735210,2023-12-16T14:00:10Z,ASL651,"46.172562,20.250616",28300,482,167
1702735243,2023-12-16T14:00:43Z,ASL651,"46.099144,20.273277",27175,470,167
1702735275,2023-12-16T14:01:15Z,ASL651,"46.030479,20.294495",26125,457,167
1702735309,2023-12-16T14:01:49Z,ASL651,"45.962265,20.315798",24925,446,167
1702735342,2023-12-16T14:02:22Z,ASL651,"45.895798,20.33643",23850,437,167
1702735375,2023-12-16T14:02:55Z,ASL651,"45.83189,20.356087",22825,428,167
1702735406,2023-12-16T14:03:26Z,ASL651,"45.771233,20.374763",21750,424,167
1702735439,2023-12-16T14:03:59Z,ASL651,"45.709991,20.393572",20625,416,167
1702735471,2023-12-16T14:04:31Z,ASL651,"45.648972,20.412331",19550,405,167
1702735505,2023-12-16T14:05:05Z,ASL651,"45.589691,20.430349",18625,390,167
1702735538,2023-12-16T14:05:38Z,ASL651,"45.532837,20.447845",17400,382,167
1702735571,2023-12-16T14:06:11Z,ASL651,"45.474834,20.465586",15925,380,167
1702735601,2023-12-16T14:06:41Z,ASL651,"45.42215,20.481588",14425,383,168
1702735634,2023-12-16T14:07:14Z,ASL651,"45.364609,20.498854",12750,386,167
1702735668,2023-12-16T14:07:48Z,ASL651,"45.306828,20.516432",11500,377,168
1702735683,2023-12-16T14:08:03Z,ASL651,"45.28043,20.524336",10775,376,168
1702735695,2023-12-16T14:08:15Z,ASL651,"45.260147,20.530375",10250,374,168
1702735710,2023-12-16T14:08:30Z,ASL651,"45.235153,20.53796",9700,368,167
1702735722,2023-12-16T14:08:42Z,ASL651,"45.216141,20.543631",9225,366,168
1702735737,2023-12-16T14:08:57Z,ASL651,"45.190109,20.551497",8650,360,167
1702735752,2023-12-16T14:09:12Z,ASL651,"45.165894,20.558886",8100,352,167
1702735768,2023-12-16T14:09:28Z,ASL651,"45.141239,20.566339",7450,349,167
1702735780,2023-12-16T14:09:40Z,ASL651,"45.121639,20.572166",6850,348,168
1702735796,2023-12-16T14:09:56Z,ASL651,"45.097713,20.579336",6300,344,167
1702735811,2023-12-16T14:10:11Z,ASL651,"45.074844,20.586155",6100,330,168
1702735826,2023-12-16T14:10:26Z,ASL651,"45.053101,20.592695",5875,315,167
1702735841,2023-12-16T14:10:41Z,ASL651,"45.031887,20.599098",5675,301,168
1702735853,2023-12-16T14:10:53Z,ASL651,"45.018436,20.60305",5550,292,168
1702735868,2023-12-16T14:11:08Z,ASL651,"44.995811,20.609749",5325,282,168
1702735884,2023-12-16T14:11:24Z,ASL651,"44.976585,20.615509",5050,273,167
1702735897,2023-12-16T14:11:37Z,ASL651,"44.959778,20.620602",4650,274,167
1702735908,2023-12-16T14:11:48Z,ASL651,"44.946854,20.624607",4275,276,167
1702735915,2023-12-16T14:11:55Z,ASL651,"44.937805,20.627367",4100,276,167
1702735925,2023-12-16T14:12:05Z,ASL651,"44.925293,20.631083",3875,272,168
1702735931,2023-12-16T14:12:11Z,ASL651,"44.917789,20.63286",3750,272,172
1702735934,2023-12-16T14:12:14Z,ASL651,"44.914017,20.633263",3650,272,176
1702735937,2023-12-16T14:12:17Z,ASL651,"44.910339,20.633263",3575,273,179
1702735940,2023-12-16T14:12:20Z,ASL651,"44.905884,20.632717",3500,273,185
1702735943,2023-12-16T14:12:23Z,ASL651,"44.902771,20.631998",3475,273,185
1702735947,2023-12-16T14:12:27Z,ASL651,"44.898468,20.630381",3425,273,185
1702735948,2023-12-16T14:12:28Z,ASL651,"44.897167,20.629778",3400,270,197
1702735953,2023-12-16T14:12:33Z,ASL651,"44.891579,20.626898",3375,267,200
1702735957,2023-12-16T14:12:37Z,ASL651,"44.885899,20.623817",3325,263,201
1702735958,2023-12-16T14:12:38Z,ASL651,"44.884735,20.623146",3325,264,201
1702735961,2023-12-16T14:12:41Z,ASL651,"44.881348,20.621273",3300,260,201
1702735962,2023-12-16T14:12:42Z,ASL651,"44.880341,20.620684",3300,259,201
1702735966,2023-12-16T14:12:46Z,ASL651,"44.876724,20.618656",3250,257,201
1702735970,2023-12-16T14:12:50Z,ASL651,"44.872166,20.61618",3200,257,201
1702735973,2023-12-16T14:12:53Z,ASL651,"44.868713,20.614275",3175,254,201
1702735982,2023-12-16T14:13:02Z,ASL651,"44.859146,20.60911",3075,251,201
1702735990,2023-12-16T14:13:10Z,ASL651,"44.850895,20.604591",3000,243,200
1702735999,2023-12-16T14:13:19Z,ASL651,"44.841614,20.599627",2900,238,201
1702736008,2023-12-16T14:13:28Z,ASL651,"44.832642,20.594723",2825,233,201
1702736017,2023-12-16T14:13:37Z,ASL651,"44.823257,20.589556",2700,229,201
1702736026,2023-12-16T14:13:46Z,ASL651,"44.814651,20.584848",2575,227,201
1702736035,2023-12-16T14:13:55Z,ASL651,"44.805496,20.579813",2525,220,201
1702736044,2023-12-16T14:14:04Z,ASL651,"44.797119,20.575235",2525,213,201
1702736053,2023-12-16T14:14:13Z,ASL651,"44.788933,20.570694",2525,202,201
1702736062,2023-12-16T14:14:22Z,ASL651,"44.781097,20.566406",2550,201,201
1702736071,2023-12-16T14:14:31Z,ASL651,"44.773384,20.562119",2525,200,201
1702736080,2023-12-16T14:14:40Z,ASL651,"44.765762,20.557905",2525,197,201
1702736089,2023-12-16T14:14:49Z,ASL651,"44.758118,20.553654",2525,197,201
1702736098,2023-12-16T14:14:58Z,ASL651,"44.750519,20.549469",2525,197,201
1702736108,2023-12-16T14:15:08Z,ASL651,"44.742474,20.54497",2525,197,202
1702736111,2023-12-16T14:15:11Z,ASL651,"44.73999,20.543322",2525,198,206
1702736113,2023-12-16T14:15:13Z,ASL651,"44.73793,20.541687",2525,196,210
1702736117,2023-12-16T14:15:17Z,ASL651,"44.735443,20.539141",2525,196,215
1702736120,2023-12-16T14:15:20Z,ASL651,"44.73349,20.536716",2525,196,222
1702736122,2023-12-16T14:15:22Z,ASL651,"44.731674,20.533983",2525,196,227
1702736126,2023-12-16T14:15:26Z,ASL651,"44.729996,20.530634",2525,195,238
1702736129,2023-12-16T14:15:29Z,ASL651,"44.728832,20.527351",2525,194,243
1702736132,2023-12-16T14:15:32Z,ASL651,"44.727901,20.523466",2525,193,255
1702736135,2023-12-16T14:15:35Z,ASL651,"44.727493,20.519846",2525,191,263
1702736138,2023-12-16T14:15:38Z,ASL651,"44.727436,20.516432",2525,190,269
1702736141,2023-12-16T14:15:41Z,ASL651,"44.727715,20.512882",2525,188,277
1702736144,2023-12-16T14:15:44Z,ASL651,"44.728455,20.508924",2525,188,285
1702736147,2023-12-16T14:15:47Z,ASL651,"44.729462,20.505459",2500,186,293
1702736150,2023-12-16T14:15:50Z,ASL651,"44.730515,20.502581",2475,185,298
1702736153,2023-12-16T14:15:53Z,ASL651,"44.731796,20.499441",2450,183,300
1702736156,2023-12-16T14:15:56Z,ASL651,"44.733124,20.4965",2450,180,302
1702736159,2023-12-16T14:15:59Z,ASL651,"44.734512,20.493387",2450,178,302
1702736162,2023-12-16T14:16:02Z,ASL651,"44.735771,20.490774",2450,175,302
1702736165,2023-12-16T14:16:05Z,ASL651,"44.737259,20.487558",2400,173,303
1702736168,2023-12-16T14:16:08Z,ASL651,"44.738609,20.484678",2350,172,303
1702736171,2023-12-16T14:16:11Z,ASL651,"44.739716,20.482309",2300,172,303
1702736174,2023-12-16T14:16:14Z,ASL651,"44.741123,20.479387",2250,171,303
1702736177,2023-12-16T14:16:17Z,ASL651,"44.742474,20.476505",2175,171,303
1702736186,2023-12-16T14:16:26Z,ASL651,"44.746243,20.468132",2050,168,302
1702736194,2023-12-16T14:16:34Z,ASL651,"44.749596,20.460428",1925,166,301
1702736204,2023-12-16T14:16:44Z,ASL651,"44.753494,20.451639",1775,164,301
1702736213,2023-12-16T14:16:53Z,ASL651,"44.757183,20.443146",1650,159,301
1702736222,2023-12-16T14:17:02Z,ASL651,"44.760441,20.435776",1525,153,301
1702736231,2023-12-16T14:17:11Z,ASL651,"44.76384,20.4279",1400,147,301
1702736237,2023-12-16T14:17:17Z,ASL651,"44.765888,20.423317",1325,143,301
1702736246,2023-12-16T14:17:26Z,ASL651,"44.768867,20.41655",1225,132,301
1702736255,2023-12-16T14:17:35Z,ASL651,"44.771851,20.409786",1100,127,301
1702736264,2023-12-16T14:17:44Z,ASL651,"44.774406,20.404022",1000,124,301
1702736273,2023-12-16T14:17:53Z,ASL651,"44.777298,20.397623",900,123,302
1702736282,2023-12-16T14:18:02Z,ASL651,"44.780136,20.391344",825,125,302
1702736291,2023-12-16T14:18:11Z,ASL651,"44.782791,20.385393",725,125,301
1702736303,2023-12-16T14:18:23Z,ASL651,"44.786465,20.377092",575,124,301
1702736314,2023-12-16T14:18:34Z,ASL651,"44.78949,20.370127",475,124,301
1702736324,2023-12-16T14:18:44Z,ASL651,"44.792633,20.362963",350,124,301
1702736332,2023-12-16T14:18:52Z,ASL651,"44.795059,20.35747",275,124,301
1702736342,2023-12-16T14:19:02Z,ASL651,"44.798126,20.350603",175,125,301
1702736352,2023-12-16T14:19:12Z,ASL651,"44.800941,20.344269",75,126,302
1702736362,2023-12-16T14:19:22Z,ASL651,"44.80434,20.336565",0,126,301
1702736373,2023-12-16T14:19:33Z,ASL651,"44.80788,20.328526",0,126,301
1702736383,2023-12-16T14:19:43Z,ASL651,"44.810944,20.321634",0,125,301
1702736394,2023-12-16T14:19:54Z,ASL651,"44.814304,20.314056",0,122,302
1702736403,2023-12-16T14:20:03Z,ASL651,"44.815933,20.310371",0,114,302
1702736412,2023-12-16T14:20:12Z,ASL651,"44.818394,20.304827",0,69,300
1702736420,2023-12-16T14:20:20Z,ASL651,"44.819595,20.302113",0,52,300
1702736428,2023-12-16T14:20:28Z,ASL651,"44.820545,20.299988",0,45,303
1702736436,2023-12-16T14:20:36Z,ASL651,"44.821335,20.298206",0,37,300
1702736445,2023-12-16T14:20:45Z,ASL651,"44.821892,20.296873",0,20,298
1702736449,2023-12-16T14:20:49Z,ASL651,"44.821987,20.296473",0,15,281
1702736453,2023-12-16T14:20:53Z,ASL651,"44.821915,20.296152",0,15,253
1702736456,2023-12-16T14:20:56Z,ASL651,"44.821774,20.295952",0,15,225
1702736459,2023-12-16T14:20:59Z,ASL651,"44.821552,20.295753",0,15,213
1702736464,2023-12-16T14:21:04Z,ASL651,"44.821278,20.295525",0,15,210
1702736467,2023-12-16T14:21:07Z,ASL651,"44.821064,20.295349",0,15,213
1702736494,2023-12-16T14:21:34Z,ASL651,"44.821449,20.293406",0,0,303
1702736497,2023-12-16T14:21:37Z,ASL651,"44.821529,20.293203",0,10,300
1702736510,2023-12-16T14:21:50Z,ASL651,"44.821804,20.292517",0,7,295
1702736518,2023-12-16T14:21:58Z,ASL651,"44.821644,20.292255",0,0,227
1702736532,2023-12-16T14:22:12Z,ASL651,"44.821392,20.292042",0,3,210
1702736547,2023-12-16T14:22:27Z,ASL651,"44.821564,20.293121",0,1,210
