Timestamp,UTC,callsign,altitude,groundspeed,Direction,anomaly,latitude,longitude,x,y,z
1702728158,2023-12-16T12:02:38Z,ASL651,30000,408,280,0.0,56.237045,35.313339,2912807.3186179,2063400.7983281093,5304096.326145377
1702728199,2023-12-16T12:03:19Z,ASL651,30000,428,280,0.0,56.251175,35.172287,2916803.9283040324,2055466.6944417397,5304974.6628267225
1702728222,2023-12-16T12:03:42Z,ASL651,30025,428,280,0.0,56.258274,35.101109,2918826.2577663306,2051469.85508849,5305436.61182114
1702728290,2023-12-16T12:04:50Z,ASL651,30000,428,280,0.0,56.279724,34.882557,2924981.7614672873,2039171.9880859195,5306748.317776721
1702728890,2023-12-16T12:14:50Z,ASL651,30000,54,280,1.0,56.459759,32.844238,2981570.841042649,1924751.0787829421,5317902.974235749
1702729496,2023-12-16T12:24:56Z,ASL651,29975,54,256,1.0,54.740753,31.893148,3147797.0878311014,1958808.8690743868,5209252.907612965
1702729499,2023-12-16T12:24:59Z,ASL651,29975,54,260,1.0,54.740662,31.891937,3147845.544394597,1958746.727594087,5209247.032304208
1702729502,2023-12-16T12:25:02Z,ASL651,29975,54,265,1.0,54.74057,31.890484,3147902.3501307587,1958671.337414533,5209241.092418291
1702729505,2023-12-16T12:25:05Z,ASL651,29975,54,272,1.0,54.740589,31.889067,3147949.316411443,1958592.5684061637,5209242.319134959
1702729508,2023-12-16T12:25:08Z,ASL651,29975,54,276,1.0,54.740662,31.887737,3147989.119571429,1958515.973201484,5209247.032304208
1702729512,2023-12-16T12:25:12Z,ASL651,29975,54,281,1.0,54.740799,31.886444,3148022.693395913,1958438.3226887586,5209255.877544271
1702729514,2023-12-16T12:25:14Z,ASL651,29975,54,286,1.0,54.741009,31.885155,3148050.4678337714,1958357.3699521448,5209269.435883762
1702729517,2023-12-16T12:25:17Z,ASL651,29975,54,291,1.0,54.741287,31.883989,3148068.7631224752,1958279.8949005483,5209287.384435315
1702729521,2023-12-16T12:25:21Z,ASL651,30000,54,296,1.0,54.741661,31.882574,3148100.3763503446,1958191.7304816071,5209331.944793473
1702729524,2023-12-16T12:25:24Z,ASL651,30000,54,300,1.0,54.742035,31.881493,3148108.317789617,1958114.2949739362,5209356.091085696
1702729527,2023-12-16T12:25:27Z,ASL651,30000,54,306,1.0,54.742447,31.880466,3148111.464978623,1958037.9939145443,5209382.690488151
1702729530,2023-12-16T12:25:30Z,ASL651,30000,54,309,1.0,54.742966,31.879412,3148107.2349354425,1957955.0488338168,5209416.197605332
1702729533,2023-12-16T12:25:33Z,ASL651,30000,53,315,1.0,54.743568,31.878412,3148094.7204981158,1957871.0681755824,5209455.062744589
1702729536,2023-12-16T12:25:36Z,ASL651,30000,54,321,1.0,54.744175,31.877497,3148078.911526116,1957791.5174485217,5209494.250103038
1702729539,2023-12-16T12:25:39Z,ASL651,30000,54,326,1.0,54.744644,31.876911,3148062.5616032905,1957736.6998928029,5209524.527909649
1702729542,2023-12-16T12:25:42Z,ASL651,30000,54,331,1.0,54.745377,31.876184,3148030.553440963,1957661.4029608604,5209571.848389635
1702729545,2023-12-16T12:25:45Z,ASL651,30000,54,336,1.0,54.746082,31.875582,3147996.444174694,1957594.32512517,5209617.36046343
1702729548,2023-12-16T12:25:48Z,ASL651,30000,54,340,1.0,54.746841,31.875135,3147952.8495521285,1957533.1595818084,5209666.357688715
1702729551,2023-12-16T12:25:51Z,ASL651,30000,54,345,1.0,54.747574,31.87475,3147909.151976861,1957476.6548197397,5209713.675618855
1702729555,2023-12-16T12:25:55Z,ASL651,30000,54,350,1.0,54.748352,31.874569,3147854.9936669013,1957429.1879499692,5209763.897538989
1702729558,2023-12-16T12:25:58Z,ASL651,30000,54,354,1.0,54.749176,31.874407,3147796.6175676635,1957380.546352016,5209817.087833481
1702729561,2023-12-16T12:26:01Z,ASL651,30000,54,360,1.0,54.749954,31.874407,3147736.274200214,1957343.0233008482,5209867.307780118
1702729563,2023-12-16T12:26:03Z,ASL651,30000,54,3,1.0,54.750507,31.8745,3147690.2049296475,1957321.461005423,5209903.00338053
1702729567,2023-12-16T12:26:07Z,ASL651,30000,54,9,1.0,54.751251,31.874666,3147626.827034255,1957294.6965552731,5209951.027077127
1702729570,2023-12-16T12:26:10Z,ASL651,30000,54,16,1.0,54.752228,31.875084,3147536.7678114804,1957270.5369142261,5210014.08912167
1702729573,2023-12-16T12:26:13Z,ASL651,30000,54,20,1.0,54.75288,31.8755,3147471.9850057424,1957261.941579912,5210056.172674862
1702729576,2023-12-16T12:26:16Z,ASL651,30000,54,22,1.0,54.753532,31.875999,3147404.3667525705,1957257.9045570684,5210098.255554901
1702729578,2023-12-16T12:26:18Z,ASL651,30000,54,28,1.0,54.753983,31.876427,3147354.7643258157,1957259.6614743911,5210127.364637879
1702729582,2023-12-16T12:26:22Z,ASL651,30000,54,33,1.0,54.754852,31.877316,3147256.9916661773,1957266.577564569,5210183.451962719
1702729585,2023-12-16T12:26:25Z,ASL651,30000,54,39,1.0,54.75544,31.878162,3147182.4834539024,1957284.6838371991,5210221.402201551
1702729588,2023-12-16T12:26:28Z,ASL651,30000,54,41,1.0,54.755951,31.878996,3147114.357463529,1957305.843496605,5210254.382321599
1702729591,2023-12-16T12:26:31Z,ASL651,30000,53,49,1.0,54.7565,31.879982,3147038.091227245,1957333.517032864,5210289.814514268
1702729595,2023-12-16T12:26:35Z,ASL651,30000,54,53,1.0,54.756958,31.881031,3146966.7307515307,1957369.038773321,5210319.373246071
1702729598,2023-12-16T12:26:38Z,ASL651,30000,54,59,1.0,54.757442,31.88249,3146879.346215183,1957425.822699836,5210350.609623484
1702729601,2023-12-16T12:26:41Z,ASL651,30000,54,63,1.0,54.757816,31.883656,3146810.5026303646,1957471.8184111835,5210374.746570133
1702729604,2023-12-16T12:26:44Z,ASL651,29975,54,68,1.0,54.757999,31.884489,3146755.600467373,1957501.1190471766,5210366.138760539
1702729607,2023-12-16T12:26:47Z,ASL651,29975,54,73,1.0,54.75824,31.88596,3146686.6508871284,1957570.279123727,5210381.691999676
1702729609,2023-12-16T12:26:49Z,ASL651,29975,54,77,1.0,54.758423,31.887253,3146628.2799901254,1957632.4600090669,5210393.502074179
1702729613,2023-12-16T12:26:53Z,ASL651,29975,54,83,1.0,54.758514,31.888399,3146582.0659843152,1957691.0056807834,5210399.374823723
1702729615,2023-12-16T12:26:55Z,ASL651,29975,54,86,1.0,54.75856,31.889648,3146535.8215570054,1957757.3782931527,5210402.343461362
1702729619,2023-12-16T12:26:59Z,ASL651,29975,54,93,1.0,54.758514,31.890886,3146497.086821623,1957827.5854427523,5210399.374823723
1702729622,2023-12-16T12:27:02Z,ASL651,29950,54,97,1.0,54.758419,31.892645,3146432.0991717363,1957921.1462727422,5210372.82577225
1702729625,2023-12-16T12:27:05Z,ASL651,29975,54,102,1.0,54.758232,31.893976,3146413.3654919886,1958010.8851187201,5210381.175711055
1702729628,2023-12-16T12:27:08Z,ASL651,29950,54,107,1.0,54.758095,31.894808,3146383.3096354157,1958055.564409826,5210351.916175495
1702729631,2023-12-16T12:27:11Z,ASL651,29950,54,108,1.0,54.757767,31.896307,3146357.517762326,1958153.711688758,5210330.7482662415
1702729634,2023-12-16T12:27:14Z,ASL651,29950,54,116,1.0,54.757462,31.89735,3146345.524197763,1958225.7080085222,5210311.06453922
1702729637,2023-12-16T12:27:17Z,ASL651,29950,53,121,1.0,54.757187,31.898157,3146339.2686529127,1958283.2967971936,5210293.316790206
1702729640,2023-12-16T12:27:20Z,ASL651,29950,54,126,1.0,54.756603,31.899635,3146334.0394917983,1958392.6477151487,5210255.626627823
1702729644,2023-12-16T12:27:24Z,ASL651,29950,54,132,1.0,54.756134,31.900581,3146338.073533661,1958467.2342872454,5210225.357938581
1702729647,2023-12-16T12:27:27Z,ASL651,29975,54,137,1.0,54.755394,31.901716,3146368.9073086036,1958572.9053855957,5210198.015927913
1702729650,2023-12-16T12:27:30Z,ASL651,29975,54,142,1.0,54.754837,31.90255,3146383.5896534096,1958645.5910355896,5210162.066580325
1702729652,2023-12-16T12:27:32Z,ASL651,30000,54,146,1.0,54.75423,31.903215,3146420.172580802,1958719.034816333,5210143.30672642
1702729656,2023-12-16T12:27:36Z,ASL651,30000,54,150,1.0,54.753532,31.903881,3146451.528416889,1958789.302637551,5210098.255554901
1702729659,2023-12-16T12:27:39Z,ASL651,30000,54,156,1.0,54.752838,31.904459,3146485.581000846,1958854.5454141647,5210053.461791413
1702729661,2023-12-16T12:27:41Z,ASL651,30000,54,159,1.0,54.752602,31.904547,3146500.8718159306,1958870.7704572144,5210038.22915628
1702729665,2023-12-16T12:27:45Z,ASL651,30000,54,166,1.0,54.751373,31.905186,3146574.3199477307,1958965.1900116766,5209958.901846955
1702729668,2023-12-16T12:27:48Z,ASL651,30000,54,170,1.0,54.750645,31.905378,3146624.202664903,1959010.8769676967,5209911.911067883
1702729671,2023-12-16T12:27:51Z,ASL651,30000,54,175,1.0,54.749947,31.905462,3146675.451235437,1959049.1844439432,5209866.855933972
1702729673,2023-12-16T12:27:53Z,ASL651,30000,54,181,1.0,54.749176,31.905508,3146733.6586449645,1959088.9286499005,5209817.087833481
1702729677,2023-12-16T12:27:57Z,ASL651,30000,54,185,1.0,54.748363,31.905378,3146801.1398805543,1959121.033728618,5209764.60761068
1702729680,2023-12-16T12:28:00Z,ASL651,30000,54,190,1.0,54.74762,31.905106,3146868.048721472,1959141.9600743814,5209716.645064955
1702729683,2023-12-16T12:28:03Z,ASL651,30000,54,194,1.0,54.74683,31.904713,3146942.7388437917,1959158.5083097038,5209665.647590513
1702729686,2023-12-16T12:28:06Z,ASL651,30025,54,199,1.0,54.746082,31.904297,3147027.20889945,1959179.3909632545,5209637.775515603
1702729689,2023-12-16T12:28:09Z,ASL651,30000,55,204,1.0,54.745384,31.903715,3147088.97810655,1959173.4884792622,5209572.300286435
1702729692,2023-12-16T12:28:12Z,ASL651,30000,54,210,1.0,54.744919,31.903246,3147141.0681266836,1959170.1715491195,5209542.281259013
1702729694,2023-12-16T12:28:14Z,ASL651,30025,54,214,1.0,54.744278,31.902519,3147227.876873306,1959168.803002257,5209521.314227679
1702729698,2023-12-16T12:28:18Z,ASL651,30025,53,220,1.0,54.7435,31.901388,3147326.871259071,1959144.2263139097,5209471.08709303
1702729701,2023-12-16T12:28:21Z,ASL651,30025,54,224,1.0,54.742996,31.900581,3147393.5424062693,1959124.22064901,5209438.548694805
1702729704,2023-12-16T12:28:24Z,ASL651,30025,54,227,1.0,54.742538,31.899612,3147462.1860091137,1959093.0941305745,5209408.979722224
1702729707,2023-12-16T12:28:27Z,ASL651,30025,54,233,1.0,54.742081,31.89847,3147536.6669367896,1959052.4137404717,5209379.474979687
1702729710,2023-12-16T12:28:30Z,ASL651,30025,54,240,1.0,54.741707,31.897388,3147602.660373301,1959011.021899497,5209355.328620498
1702729713,2023-12-16T12:28:33Z,ASL651,30025,54,242,1.0,54.741348,31.896299,3147667.7295256457,1958968.519794955,5209332.15048986
1702729716,2023-12-16T12:28:36Z,ASL651,30000,54,249,1.0,54.741074,31.895088,3147718.12573308,1958907.5865783885,5209294.046289326
1702729719,2023-12-16T12:28:39Z,ASL651,30000,54,252,1.0,54.740871,31.89381,3147777.559099632,1958847.1702674923,5209280.9398653675
1702729722,2023-12-16T12:28:42Z,ASL651,30000,53,259,1.0,54.74073,31.892561,3147831.1924917395,1958785.354057428,5209271.8363502305
1702729725,2023-12-16T12:28:45Z,ASL651,30000,54,262,1.0,54.740635,31.891314,3147881.18948728,1958721.4269189434,5209265.702758453
1702729728,2023-12-16T12:28:48Z,ASL651,30000,54,268,1.0,54.740589,31.889982,3147930.291429762,1958650.464430477,5209262.732803618
1702729731,2023-12-16T12:28:51Z,ASL651,30000,54,273,1.0,54.740616,31.888626,3147974.5516511598,1958574.6602838193,5209264.476038384
1702729734,2023-12-16T12:28:54Z,ASL651,30000,54,276,1.0,54.740662,31.88814,3147987.597826242,1958545.738954291,5209267.4459912535
1702729737,2023-12-16T12:28:57Z,ASL651,30000,54,281,1.0,54.740891,31.88604,3148041.62261969,1958419.3107723065,5209282.231141561
1702729741,2023-12-16T12:29:01Z,ASL651,30000,54,288,1.0,54.741119,31.884748,3148068.103199706,1958337.3245382113,5209296.951645408
1702729744,2023-12-16T12:29:04Z,ASL651,30000,54,292,1.0,54.741394,31.883535,3148088.2368799406,1958257.4115319394,5209314.706529581
1702729746,2023-12-16T12:29:06Z,ASL651,30000,54,297,1.0,54.741707,31.88249,3148099.680010716,1958184.8962520405,5209334.9146702355
1702729750,2023-12-16T12:29:10Z,ASL651,30000,54,302,1.0,54.742172,31.881159,3148109.108119707,1958089.3351936839,5209364.936062453
1702729753,2023-12-16T12:29:13Z,ASL651,30000,54,307,1.0,54.742638,31.880077,3148109.9465115946,1958007.4076848803,5209395.021673357
1702729756,2023-12-16T12:29:16Z,ASL651,30000,54,311,1.0,54.743042,31.879255,3148106.70611608,1957942.7567982066,5209421.104199411
1702729759,2023-12-16T12:29:19Z,ASL651,30000,53,316,1.0,54.743637,31.878284,3148093.74325064,1957860.7072656788,5209459.517350143
1702729762,2023-12-16T12:29:22Z,ASL651,30000,54,321,1.0,54.744267,31.877413,3148074.646784955,1957782.464870618,5209500.189487017
1702729765,2023-12-16T12:29:25Z,ASL651,30000,54,327,1.0,54.744919,31.876669,3148049.502664037,1957710.1400754089,5209542.281259013
1702729768,2023-12-16T12:29:28Z,ASL651,30000,54,331,1.0,54.74548,31.876081,3148026.0843573357,1957650.7760961552,5209578.497720427
1702729771,2023-12-16T12:29:31Z,ASL651,30000,54,337,1.0,54.74641,31.875416,3147976.6767375763,1957569.385316574,5209638.534606828
1702729774,2023-12-16T12:29:34Z,ASL651,30000,54,341,1.0,54.747108,31.875,3147936.7535770144,1957512.865141742,5209683.593649902
1702729778,2023-12-16T12:29:38Z,ASL651,30000,54,345,1.0,54.747711,31.87475,3147898.5262546344,1957470.0473853461,5209722.519394111
1702729780,2023-12-16T12:29:40Z,ASL651,30000,54,348,1.0,54.748169,31.874569,3147869.18728741,1957438.013962324,5209752.084500019
1702729783,2023-12-16T12:29:43Z,ASL651,29975,54,356,1.0,54.748924,31.874418,3147803.534089087,1957385.6852335646,5209780.405244968
1702729786,2023-12-16T12:29:46Z,ASL651,29975,54,360,1.0,54.749947,31.874418,3147724.1884377147,1957336.3460545149,5209846.439908439
1702729789,2023-12-16T12:29:49Z,ASL651,29975,54,6,1.0,54.75069,31.8745,3147663.7582021276,1957305.015693471,5209894.399529383
1702729793,2023-12-16T12:29:53Z,ASL651,29975,54,7,1.0,54.751465,31.874731,3147595.7555177095,1957280.3268853019,5209944.423774585
1702729795,2023-12-16T12:29:55Z,ASL651,29975,54,13,1.0,54.752289,31.875135,3147518.0420811786,1957262.7775007873,5209997.609799864
1702729799,2023-12-16T12:29:59Z,ASL651,29975,54,17,1.0,54.752884,31.875458,3147460.8576045725,1957251.8225768958,5210036.01408897
1702729802,2023-12-16T12:30:02Z,ASL651,29975,54,23,1.0,54.753571,31.876022,3147388.304428964,1957249.6680093468,5210080.3558229385
1702729805,2023-12-16T12:30:05Z,ASL651,29975,54,29,1.0,54.754368,31.876831,3147298.849726011,1957255.6640303102,5210131.796461418
1702729807,2023-12-16T12:30:07Z,ASL651,29975,54,33,1.0,54.754715,31.877235,3147258.133967658,1957261.1178317626,5210154.192510418
1702729811,2023-12-16T12:30:11Z,ASL651,29975,54,39,1.0,54.755402,31.878124,3147174.4782590163,1957276.8106701241,5210198.532252485
1702729814,2023-12-16T12:30:14Z,ASL651,30000,54,44,1.0,54.756184,31.879412,3147082.0737527166,1957317.4531727438,5210269.420086438
1702729818,2023-12-16T12:30:18Z,ASL651,30000,54,51,1.0,54.756775,31.880629,3146994.65822654,1957355.7873660186,5210307.562700939
1702729821,2023-12-16T12:30:21Z,ASL651,30000,54,56,1.0,54.757233,31.88176,3146920.4961076095,1957395.8116143658,5210337.121233291
1702729824,2023-12-16T12:30:24Z,ASL651,30000,54,60,1.0,54.757599,31.882889,3146853.5375420544,1957440.1624030943,5210360.742005069
1702729827,2023-12-16T12:30:27Z,ASL651,30000,54,64,1.0,54.757908,31.884071,3146789.188640647,1957490.1722376535,5210380.683966912
1702729830,2023-12-16T12:30:30Z,ASL651,30000,54,68,1.0,54.758141,31.885237,3146731.280237273,1957542.968461057,5210395.721009668
1702729833,2023-12-16T12:30:33Z,ASL651,30000,54,73,1.0,54.758327,31.886402,3146677.0504496857,1957597.9760145114,5210407.7247675
1702729836,2023-12-16T12:30:36Z,ASL651,30000,54,79,1.0,54.758469,31.887817,3146617.6904094466,1957668.8350264193,5210416.888889825
1702729839,2023-12-16T12:30:39Z,ASL651,30000,54,84,1.0,54.75856,31.889029,3146569.2205455806,1957731.0049860307,5210422.761655653
1702729842,2023-12-16T12:30:42Z,ASL651,30000,50,95,1.0,54.758514,31.890314,3146528.8804232534,1957803.793940652,5210419.793006432
1702729845,2023-12-16T12:30:45Z,ASL651,30025,54,94,1.0,54.758465,31.891979,3146488.0340905082,1957905.21643885,5210437.048916343
1702729849,2023-12-16T12:30:49Z,ASL651,30025,53,100,1.0,54.758327,31.893394,3146450.3824991724,1957989.582864287,5210428.142903127
1702729852,2023-12-16T12:30:52Z,ASL651,30025,54,106,1.0,54.758148,31.894604,3146422.914168857,1958064.6697486755,5210416.590855547
1702729854,2023-12-16T12:30:54Z,ASL651,30025,54,110,1.0,54.757908,31.895723,3146403.2847610353,1958137.703181262,5210401.101997045
1702729857,2023-12-16T12:30:57Z,ASL651,30025,54,115,1.0,54.757584,31.896973,3146385.6907278863,1958221.9847089038,5210380.191893377
1702729861,2023-12-16T12:31:01Z,ASL651,30025,54,118,1.0,54.75721,31.898222,3146372.00608457,1958308.624782685,5210356.054715158
1702729863,2023-12-16T12:31:03Z,ASL651,30025,54,123,1.0,54.756866,31.899046,3146370.519162687,1958370.4784271996,5210333.853478663
1702729867,2023-12-16T12:31:07Z,ASL651,30025,54,129,1.0,54.756271,31.900257,3146375.2672217577,1958465.699858771,5210295.452641763
1702729870,2023-12-16T12:31:10Z,ASL651,30025,54,134,1.0,54.755722,31.901228,3146384.6491830954,1958545.5221739875,5210260.020111776
1702729873,2023-12-16T12:31:13Z,ASL651,30025,54,138,1.0,54.755116,31.902216,3146397.867948766,1958629.0302078826,5210220.90824033
1702729876,2023-12-16T12:31:16Z,ASL651,30025,54,143,1.0,54.75465,31.9028,3146414.0393939246,1958683.595205456,5210190.831719231
1702729879,2023-12-16T12:31:19Z,ASL651,30025,53,148,1.0,54.753998,31.903465,3146441.863623312,1958751.58742903,5210148.749829298
1702729882,2023-12-16T12:31:22Z,ASL651,30025,54,153,1.0,54.7533,31.904131,3146473.2189882076,1958821.8557722936,5210103.698225593
1702729886,2023-12-16T12:31:26Z,ASL651,30025,54,159,1.0,54.752556,31.904631,3146513.814889977,1958885.229168091,5210055.6767555885
1702729888,2023-12-16T12:31:28Z,ASL651,30025,54,162,1.0,54.751717,31.905046,3146564.6817302117,1958948.5210251717,5210001.5224603135
1702729891,2023-12-16T12:31:31Z,ASL651,30025,54,167,1.0,54.750973,31.905296,3146613.8225835874,1958998.1657555662,5209953.499125353
1702729895,2023-12-16T12:31:35Z,ASL651,30025,54,173,1.0,54.750229,31.905428,3146666.997156958,1959041.3300976981,5209905.474913889
1702729897,2023-12-16T12:31:37Z,ASL651,30025,54,176,1.0,54.749451,31.905508,3146724.5852493704,1959083.2797482833,5209855.255110105
1702729901,2023-12-16T12:31:41Z,ASL651,30025,54,184,1.0,54.748718,31.905428,3146784.1544438554,1959114.2694863786,5209807.939173878
1702729903,2023-12-16T12:31:43Z,ASL651,30025,54,187,1.0,54.747993,31.905212,3146847.753242175,1959137.4030649923,5209761.138809357
1702729907,2023-12-16T12:31:47Z,ASL651,30025,54,193,1.0,54.747108,31.904879,3146927.757939402,1959161.8329893106,5209704.0089604715
1702729910,2023-12-16T12:31:50Z,ASL651,30000,54,198,1.0,54.746429,31.904539,3146979.7796580573,1959168.3073667241,5209639.761152598
1702729913,2023-12-16T12:31:53Z,ASL651,30000,54,202,1.0,54.745697,31.903975,3147055.819682625,1959172.6616949101,5209592.506449742
1702729916,2023-12-16T12:31:56Z,ASL651,30000,54,207,1.0,54.745056,31.903408,3147124.906627504,1959172.4573442037,5209551.125610193
1702729919,2023-12-16T12:31:59Z,ASL651,30000,54,212,1.0,54.744316,31.90255,3147211.6197030507,1959161.0454802755,5209503.352849101
1702729922,2023-12-16T12:32:02Z,ASL651,30000,54,217,1.0,54.743801,31.901884,3147274.3224203703,1959149.3184629467,5209470.10507802
1702729925,2023-12-16T12:32:05Z,ASL651,30000,54,224,1.0,54.743149,31.900885,3147359.033502258,1959125.9098201264,5209428.012151887
1702729928,2023-12-16T12:32:08Z,ASL651,30000,54,228,1.0,54.742676,31.899935,3147428.190295214,1959096.551664368,5209397.474991273
1702729931,2023-12-16T12:32:11Z,ASL651,30000,54,231,1.0,54.742218,31.898884,3147499.637151108,1959060.9193799116,5209367.905902
1702729934,2023-12-16T12:32:14Z,ASL651,30000,54,237,1.0,54.741848,31.897804,3147565.2520317617,1959019.4452504076,5209344.017967267
1702729937,2023-12-16T12:32:17Z,ASL651,30000,54,241,1.0,54.741486,31.896704,3147630.92986212,1958976.4844866022,5209320.646318649
1702729940,2023-12-16T12:32:20Z,ASL651,30000,54,247,1.0,54.74115,31.895391,3147701.873545548,1958920.5655167776,5209298.9531110665
1702729943,2023-12-16T12:32:23Z,ASL651,30000,54,250,1.0,54.740917,31.894142,3147762.6418116265,1958863.1904352768,5209283.909799666
1702729947,2023-12-16T12:32:27Z,ASL651,30000,54,257,1.0,54.740753,31.892826,3147820.3494593757,1958798.8033971204,5209273.321322934
1702729950,2023-12-16T12:32:30Z,ASL651,30000,54,262,1.0,54.740635,31.891479,3147875.5487614516,1958730.4921578725,5209265.702758453
1702729953,2023-12-16T12:32:33Z,ASL651,30000,54,266,1.0,54.740589,31.890148,3147924.6167232324,1958659.5847524593,5209262.732803618
1702729956,2023-12-16T12:32:36Z,ASL651,30000,54,270,1.0,54.740589,31.888899,3147967.313113568,1958590.9621672751,5209262.732803618
1702729958,2023-12-16T12:32:38Z,ASL651,30000,54,276,1.0,54.740662,31.887655,3148004.1765032317,1958519.0916511512,5209267.4459912535
1702729962,2023-12-16T12:32:42Z,ASL651,30000,54,281,1.0,54.740822,31.886236,3148040.273671627,1958433.4083466122,5209277.776236016
1702729965,2023-12-16T12:32:45Z,ASL651,30000,54,286,1.0,54.741009,31.885321,3148057.0481477305,1958374.1138170399,5209289.849658213
1702729968,2023-12-16T12:32:48Z,ASL651,30000,54,290,1.0,54.741287,31.883905,3148083.8883829797,1958282.9024281476,5209307.798279787
1702729971,2023-12-16T12:32:51Z,ASL651,30000,54,296,1.0,54.741661,31.882574,3148100.3763503446,1958191.7304816071,5209331.944793473
1702729974,2023-12-16T12:32:54Z,ASL651,30000,54,300,1.0,54.742035,31.881516,3148107.531751907,1958115.5587054514,5209356.091085696
1702729977,2023-12-16T12:32:57Z,ASL651,30000,53,305,1.0,54.7425,31.880327,3148112.105018122,1958027.8001706025,5209386.112236433
1702729980,2023-12-16T12:33:00Z,ASL651,30000,54,309,1.0,54.74287,31.879578,3148109.0071753333,1957968.800049361,5209409.999789215
1702729983,2023-12-16T12:33:03Z,ASL651,30000,53,315,1.0,54.743454,31.878527,3148099.6318154032,1957882.8852586388,5209447.702944983
1702729986,2023-12-16T12:33:06Z,ASL651,30000,53,319,1.0,54.744095,31.87764,3148080.22955407,1957803.232982963,5209489.085410424
1702729989,2023-12-16T12:33:09Z,ASL651,30000,54,326,1.0,54.744736,31.876831,3148058.1600193623,1957727.8671617503,5209530.46722531
1702729992,2023-12-16T12:33:12Z,ASL651,30000,54,331,1.0,54.745285,31.876266,3148034.8868893944,1957670.3454955027,5209565.909167347
1702729995,2023-12-16T12:33:15Z,ASL651,30000,54,333,1.0,54.746082,31.875666,3147993.5741881337,1957598.940326901,5209617.36046343
1702729998,2023-12-16T12:33:18Z,ASL651,30000,54,338,1.0,54.746689,31.87525,3147960.709454092,1957546.8088227625,5209656.545405705
1702730001,2023-12-16T12:33:21Z,ASL651,30000,54,343,1.0,54.747482,31.874811,3147914.203452463,1957484.443353239,5209707.736716602
1702730004,2023-12-16T12:33:24Z,ASL651,30000,54,350,1.0,54.748306,31.874569,3147858.561465275,1957431.4065123515,5209760.928146205
1702730007,2023-12-16T12:33:27Z,ASL651,30025,54,354,1.0,54.749062,31.874418,3147817.3369995165,1957394.2682404125,5209830.144848801
1702730011,2023-12-16T12:33:31Z,ASL651,30025,54,356,1.0,54.749863,31.874407,3147755.5853320705,1957355.0314571606,5209881.849778537
1702730013,2023-12-16T12:33:33Z,ASL651,30025,54,3,1.0,54.750504,31.874489,3147703.0661366736,1957328.6204761,5209923.225900616
1702730016,2023-12-16T12:33:36Z,ASL651,30025,54,7,1.0,54.751282,31.874649,3147637.2557856897,1957299.8864383334,5209973.444407181
1702730020,2023-12-16T12:33:40Z,ASL651,30025,54,13,1.0,54.752106,31.875053,3147559.541801867,1957282.337218716,5210026.631086228
1702730023,2023-12-16T12:33:43Z,ASL651,30025,54,19,1.0,54.752693,31.875416,3147501.6110026874,1957273.965675919,5210064.51948459
1702730025,2023-12-16T12:33:45Z,ASL651,30025,54,22,1.0,54.753433,31.875942,3147426.244467486,1957267.1674742873,5210112.282616453
1702730029,2023-12-16T12:33:49Z,ASL651,30025,54,28,1.0,54.754185,31.876581,3147346.0868519642,1957265.9961620353,5210160.819397253
1702730032,2023-12-16T12:33:52Z,ASL651,30025,54,32,1.0,54.754807,31.877316,3147272.7331445375,1957276.367127213,5210200.964834493
1702730035,2023-12-16T12:33:55Z,ASL651,30025,54,38,1.0,54.755402,31.878124,3147198.9798066104,1957292.0485640708,5210239.367050801
1702730038,2023-12-16T12:33:58Z,ASL651,30025,54,42,1.0,54.755951,31.878996,3147126.607955241,1957313.462526704,5210274.799858991
1702730040,2023-12-16T12:34:00Z,ASL651,30025,54,45,1.0,54.756363,31.87982,3147066.5020070514,1957338.8472138194,5210301.390286799
1702730044,2023-12-16T12:34:04Z,ASL651,30025,54,52,1.0,54.756931,31.880993,3146982.373078756,1957375.873472848,5210338.048494104
1702730047,2023-12-16T12:34:07Z,ASL651,30025,54,57,1.0,54.757301,31.882074,3146916.744255443,1957417.3965227546,5210361.92768533
1702730050,2023-12-16T12:34:10Z,ASL651,30025,54,62,1.0,54.757675,31.88324,3146847.9006490237,1957463.3931671884,5210386.064809653
1702730053,2023-12-16T12:34:13Z,ASL651,30025,54,67,1.0,54.757965,31.884424,3146784.9565949403,1957514.4292400428,5210404.780609199
1702730056,2023-12-16T12:34:16Z,ASL651,30025,54,71,1.0,54.758186,31.885653,3146725.825960714,1957571.2642291018,5210419.043249778
1702730059,2023-12-16T12:34:19Z,ASL651,30025,54,77,1.0,54.758373,31.886902,3146668.6480046744,1957630.8365336903,5210431.111577549
1702730062,2023-12-16T12:34:22Z,ASL651,30025,54,81,1.0,54.758514,31.888302,3146609.8772478444,1957700.9196853817,5210440.211189142
1702730065,2023-12-16T12:34:25Z,ASL651,30025,54,87,1.0,54.75856,31.889648,3146560.3181282375,1957772.61992579,5210443.179849944
1702730068,2023-12-16T12:34:28Z,ASL651,30025,54,93,1.0,54.758514,31.890968,3146518.7810822413,1957847.3308272557,5210440.211189142
1702730071,2023-12-16T12:34:31Z,ASL651,30025,54,97,1.0,54.758465,31.892395,3146473.8185003065,1957928.0616828878,5210437.048916343
1702730075,2023-12-16T12:34:35Z,ASL651,30025,54,102,1.0,54.758286,31.893715,3146442.5925417994,1958009.1895748065,5210425.496907882
1702730078,2023-12-16T12:34:38Z,ASL651,30025,54,107,1.0,54.758057,31.895006,3146416.233231415,1958091.137673178,5210410.718007435
1702730081,2023-12-16T12:34:41Z,ASL651,30025,53,111,1.0,54.757782,31.896219,3146396.104940276,1958171.0223669773,5210392.970309817
1702730084,2023-12-16T12:34:44Z,ASL651,30025,54,116,1.0,54.757416,31.897511,3146380.331655469,1958259.637533035,5210369.349551954
1702730087,2023-12-16T12:34:47Z,ASL651,30025,54,123,1.0,54.756958,31.898724,3146374.3905584794,1958348.3552929098,5210339.791037013
1702730090,2023-12-16T12:34:50Z,ASL651,30025,54,126,1.0,54.756546,31.899773,3146370.4854104514,1958425.847200522,5210313.200997402
1702730094,2023-12-16T12:34:54Z,ASL651,30025,54,132,1.0,54.756001,31.900801,3146377.6098346435,1958508.6062226587,5210278.026866987
1702730096,2023-12-16T12:34:56Z,ASL651,30025,54,137,1.0,54.75544,31.901716,3146389.8355079056,1958585.93291203,5210241.819610277
1702730100,2023-12-16T12:35:00Z,ASL651,30025,54,142,1.0,54.754807,31.902601,3146408.6679188646,1958665.0884096606,5210200.964834493
1702730103,2023-12-16T12:35:03Z,ASL651,30025,54,146,1.0,54.754166,31.903328,3146433.520048284,1958735.9542331146,5210159.59308004
1702730106,2023-12-16T12:35:06Z,ASL651,30025,54,151,1.0,54.753479,31.903975,3146464.6723987223,1958804.6480135466,5210115.2516473755
1702730109,2023-12-16T12:35:09Z,ASL651,30025,54,156,1.0,54.752792,31.904459,3146501.3959015026,1958864.3910305637,5210070.9094673395
1702730112,2023-12-16T12:35:12Z,ASL651,30025,54,161,1.0,54.752136,31.904879,3146537.9025814645,1958919.1233383724,5210028.567474162
1702730115,2023-12-16T12:35:15Z,ASL651,30025,54,166,1.0,54.751389,31.905212,3146584.4387737536,1958973.4710084377,5209980.350990566
1702730118,2023-12-16T12:35:18Z,ASL651,30025,54,170,1.0,54.750599,31.905378,3146640.0179732535,1959020.7231898974,5209929.358031837
1702730121,2023-12-16T12:35:21Z,ASL651,30025,54,175,1.0,54.749714,31.905462,3146705.7660449306,1959068.0577607933,5209872.231834812
1702730124,2023-12-16T12:35:24Z,ASL651,30025,54,182,1.0,54.74897,31.905462,3146763.452905269,1959103.9722993118,5209824.206140143
1702730127,2023-12-16T12:35:27Z,ASL651,30025,54,187,1.0,54.748169,31.905348,3146829.456775303,1959136.3768164003,5209772.500077793
1702730131,2023-12-16T12:35:31Z,ASL651,30025,54,191,1.0,54.747482,31.905106,3146890.998044013,1959156.2476072714,5209728.15212136
1702730133,2023-12-16T12:35:33Z,ASL651,30025,54,194,1.0,54.74678,31.904713,3146958.865387343,1959168.5480395716,5209682.83509697
1702730137,2023-12-16T12:35:37Z,ASL651,30000,54,201,1.0,54.746082,31.904297,3147014.9587880014,1959171.7646657063,5209617.36046343
1702730140,2023-12-16T12:35:40Z,ASL651,30000,54,206,1.0,54.745239,31.90357,3147105.1785862036,1959172.5227706563,5209562.9395511765
1702730143,2023-12-16T12:35:43Z,ASL651,30000,54,210,1.0,54.74464,31.902966,3147172.274241798,1959168.2578820088,5209524.269678229
1702730146,2023-12-16T12:35:46Z,ASL651,30000,54,216,1.0,54.744003,31.902115,3147250.7619357235,1959152.2579719308,5209483.146001391
1702730149,2023-12-16T12:35:49Z,ASL651,30000,53,220,1.0,54.743408,31.901308,3147324.48853757,1959136.6458537588,5209444.733195457
1702730152,2023-12-16T12:35:52Z,ASL651,30000,54,225,1.0,54.74287,31.900301,3147400.634154834,1959107.2944448313,5209409.999789215
1702730155,2023-12-16T12:35:55Z,ASL651,30000,54,231,1.0,54.742401,31.899288,3147471.6347235776,1959074.2812829155,5209379.720665282
1702730158,2023-12-16T12:35:58Z,ASL651,30000,54,236,1.0,54.741894,31.898054,3147553.1375662107,1959030.9592306586,5209346.987830411
1702730161,2023-12-16T12:36:01Z,ASL651,30000,54,241,1.0,54.741531,31.896946,3147619.166619243,1958987.6075972382,5209323.551645378
1702730165,2023-12-16T12:36:05Z,ASL651,30000,54,246,1.0,54.741211,31.895735,3147685.3825607053,1958936.520580305,5209302.891474533
1702730168,2023-12-16T12:36:08Z,ASL651,30000,54,250,1.0,54.740963,31.89456,3147744.784193355,1958883.9352087877,5209286.879730614
1702730170,2023-12-16T12:36:10Z,ASL651,30000,54,256,1.0,54.740799,31.89323,3147802.970896986,1958818.7795248053,5209276.291265826
1702730174,2023-12-16T12:36:14Z,ASL651,30000,54,260,1.0,54.740662,31.892017,3147855.0628504646,1958758.7475058127,5209267.4459912535
1702730176,2023-12-16T12:36:16Z,ASL651,30000,54,265,1.0,54.74057,31.890726,3147906.3308537733,1958692.2576154396,5209261.506082163
1702730180,2023-12-16T12:36:20Z,ASL651,30000,54,270,1.0,54.740589,31.889315,3147953.0925444225,1958613.8181517038,5209262.732803618
1702730186,2023-12-16T12:36:26Z,ASL651,30000,54,279,1.0,54.740776,31.886818,3148023.9470906975,1958467.604576362,5209274.806294798
1702730188,2023-12-16T12:36:28Z,ASL651,30000,54,284,1.0,54.740936,31.885717,3148049.1734974333,1958399.393118346,5209285.136510682
1702730192,2023-12-16T12:36:32Z,ASL651,30000,54,289,1.0,54.741211,31.884182,3148080.314392669,1958301.7881273963,5209302.891474533
1702730194,2023-12-16T12:36:34Z,ASL651,30000,54,292,1.0,54.74144,31.883375,3148090.138204894,1958246.401484578,5209317.67642579
1702730196,2023-12-16T12:36:36Z,ASL651,30000,54,296,1.0,54.741707,31.882408,3148102.482502944,1958180.3907842583,5209334.9146702355
1702730200,2023-12-16T12:36:40Z,ASL651,30000,54,303,1.0,54.742218,31.880993,3148111.213898051,1958077.995544958,5209367.905902
1702730203,2023-12-16T12:36:43Z,ASL651,30000,54,307,1.0,54.742592,31.880159,3148110.711593994,1958014.1319152995,5209392.051864399
1702730206,2023-12-16T12:36:46Z,ASL651,30000,54,311,1.0,54.743149,31.879078,3148104.4565818305,1957927.870670016,5209428.012151887
1702730209,2023-12-16T12:36:49Z,ASL651,30000,53,318,1.0,54.74371,31.878162,3148092.250729024,1957850.4831077573,5209464.230185494
1702730212,2023-12-16T12:36:52Z,ASL651,30000,54,322,1.0,54.744362,31.877247,3148072.9512549387,1957768.762185924,5209506.3225324955
1702730215,2023-12-16T12:36:55Z,ASL651,30000,54,327,1.0,54.744965,31.876589,3148048.6685708957,1957703.5259729703,5209545.25089849
1702730218,2023-12-16T12:36:58Z,ASL651,30000,54,332,1.0,54.74548,31.876081,3148026.0843573357,1957650.7760961552,5209578.497720427
1702730221,2023-12-16T12:37:01Z,ASL651,30000,54,337,1.0,54.746338,31.875458,3147980.82595313,1957575.1654376776,5209633.886638723
1702730224,2023-12-16T12:37:04Z,ASL651,30000,54,340,1.0,54.747063,31.875,3147940.2437439733,1957515.0354670244,5209680.688720532
1702730227,2023-12-16T12:37:07Z,ASL651,30000,54,347,1.0,54.747852,31.874666,3147890.4600609625,1957458.631974993,5209731.621350748
1702730230,2023-12-16T12:37:10Z,ASL651,30000,54,351,1.0,54.748581,31.874489,3147839.9652735805,1957413.7481368594,5209778.679901036
1702730233,2023-12-16T12:37:13Z,ASL651,30000,54,354,1.0,54.74913,31.874407,3147800.1854090607,1957382.764927163,5209814.118500713
1702730237,2023-12-16T12:37:17Z,ASL651,30000,54,360,1.0,54.750137,31.874407,3147722.080238043,1957334.1971316875,5209879.120301853
1702730240,2023-12-16T12:37:20Z,ASL651,30025,54,6,1.0,54.750824,31.874569,3147675.5128990654,1957317.5815086483,5209943.881443517
1702730243,2023-12-16T12:37:23Z,ASL651,30025,54,9,1.0,54.751602,31.874811,3147606.9011736587,1957293.3519221237,5209994.099555861
1702730245,2023-12-16T12:37:25Z,ASL651,30025,54,13,1.0,54.752243,31.875135,3147546.114273662,1957280.2340035609,5210035.473912853
1702730249,2023-12-16T12:37:29Z,ASL651,30025,54,20,1.0,54.753067,31.87562,3147465.6329797693,1957267.1327484436,5210088.659337992
1702730252,2023-12-16T12:37:32Z,ASL651,30025,54,25,1.0,54.753662,31.876104,3147402.9480493595,1957265.0207828092,5210127.063193732
1702730255,2023-12-16T12:37:35Z,ASL651,30025,54,29,1.0,54.754322,31.876747,3147329.7897451385,1957268.5064148628,5210169.661772854
1702730258,2023-12-16T12:37:38Z,ASL651,30025,53,35,1.0,54.755035,31.877558,3147246.7813519696,1957278.6620112383,5210215.680371868
1702730261,2023-12-16T12:37:41Z,ASL651,30025,54,39,1.0,54.755581,31.878412,3147175.2572366176,1957299.2332475493,5210250.919876767
1702730264,2023-12-16T12:37:44Z,ASL651,30025,54,44,1.0,54.756138,31.879328,3147100.761680916,1957322.6774491684,5210286.868848615
1702730267,2023-12-16T12:37:47Z,ASL651,30025,53,49,1.0,54.756638,31.880304,3147028.6373197855,1957352.1649671283,5210319.138602373
1702730270,2023-12-16T12:37:50Z,ASL651,30025,54,53,1.0,54.757095,31.881435,3146954.5526331025,1957392.2382837273,5210348.632811018
1702730273,2023-12-16T12:37:53Z,ASL651,30025,54,59,1.0,54.757416,31.882404,3146896.550509581,1957429.9731562033,5210369.349551954
1702730276,2023-12-16T12:37:56Z,ASL651,30025,54,64,1.0,54.757828,31.88394,3146812.118442985,1957494.4570506688,5210395.939023941
1702730279,2023-12-16T12:37:59Z,ASL651,30025,54,70,1.0,54.758095,31.885155,3146749.8986595822,1957548.304388098,5210413.1704071425
1702730282,2023-12-16T12:38:02Z,ASL651,30025,54,75,1.0,54.758282,31.886236,3146698.4611346712,1957598.6507604115,5210425.238761862
1702730285,2023-12-16T12:38:05Z,ASL651,30025,54,79,1.0,54.758465,31.887651,3146635.9210640946,1957667.5319119762,5210437.048916343
1702730288,2023-12-16T12:38:08Z,ASL651,30025,54,84,1.0,54.758514,31.888948,3146587.8043087195,1957736.397042849,5210440.211189142
1702730291,2023-12-16T12:38:11Z,ASL651,30025,51,92,1.0,54.75856,31.89023,3146540.4312713793,1957804.5820063069,5210443.179849944
1702730294,2023-12-16T12:38:14Z,ASL651,30025,54,94,1.0,54.758514,31.891563,3146498.4492376843,1957880.0064037459,5210440.211189142
1702730298,2023-12-16T12:38:18Z,ASL651,30025,54,99,1.0,54.758377,31.892826,3146465.915041867,1957955.9774980024,5210431.369722994
1702730301,2023-12-16T12:38:21Z,ASL651,30025,54,103,1.0,54.758232,31.894142,3146432.188212644,1958035.2447232932,5210422.011934473
1702730304,2023-12-16T12:38:24Z,ASL651,30025,54,108,1.0,54.757965,31.895573,3146403.99063528,1958126.7148602954,5210404.780609199
1702730307,2023-12-16T12:38:27Z,ASL651,30025,54,113,1.0,54.757721,31.896557,3146389.283874872,1958192.527773584,5210389.033531572
1702730310,2023-12-16T12:38:30Z,ASL651,30025,54,118,1.0,54.757301,31.897888,3146376.364730909,1958285.8910148712,5210361.92768533
1702730313,2023-12-16T12:38:33Z,ASL651,30025,54,123,1.0,54.756912,31.898966,3146369.6863117237,1958363.864935709,5210336.822259513
1702730316,2023-12-16T12:38:36Z,ASL651,30025,54,127,1.0,54.756512,31.899803,3146372.0966070546,1958429.135778809,5210311.006661738
1702730319,2023-12-16T12:38:39Z,ASL651,30025,54,134,1.0,54.755859,31.901066,3146379.563017865,1958530.0129597967,5210268.862153932
1702730322,2023-12-16T12:38:42Z,ASL651,30025,54,137,1.0,54.755302,31.901966,3146391.990729623,1958606.3230256257,5210232.912935994
1702730326,2023-12-16T12:38:46Z,ASL651,30025,54,143,1.0,54.754669,31.902761,3146413.8992997226,1958680.5363450404,5210192.058021879
1702730329,2023-12-16T12:38:49Z,ASL651,30025,53,148,1.0,54.753983,31.903488,3146442.2404638417,1958753.5745770256,5210147.7816797355
1702730332,2023-12-16T12:38:52Z,ASL651,30025,54,153,1.0,54.753433,31.903975,3146468.239300483,1958806.868557705,5210112.282616453
1702730335,2023-12-16T12:38:55Z,ASL651,30025,54,158,1.0,54.752609,31.904619,3146510.115540336,1958882.0116924234,5210059.097668873
1702730338,2023-12-16T12:38:58Z,ASL651,30000,54,162,1.0,54.751831,31.905024,3146544.3462100825,1958934.1843267516,5209988.464297134
1702730341,2023-12-16T12:39:01Z,ASL651,30000,54,167,1.0,54.751144,31.905266,3146589.3408746636,1958980.6379577667,5209944.120497305
1702730344,2023-12-16T12:39:04Z,ASL651,30000,54,172,1.0,54.75032,31.905428,3146647.6926078037,1959029.3115365705,5209890.932770561
1702730347,2023-12-16T12:39:07Z,ASL651,30000,54,176,1.0,54.749577,31.905462,3146704.1396320937,1959067.0451928335,5209842.972527208
1702730350,2023-12-16T12:39:10Z,ASL651,30000,54,182,1.0,54.748901,31.905428,3146757.716318084,1959097.809727172,5209799.336337735
1702730353,2023-12-16T12:39:13Z,ASL651,30000,54,187,1.0,54.748039,31.905296,3146829.064998797,1959132.1699646504,5209743.69269149
1702730356,2023-12-16T12:39:16Z,ASL651,30000,54,193,1.0,54.747345,31.905024,3146892.174534299,1959150.7307089455,5209698.8928916715
1702730359,2023-12-16T12:39:19Z,ASL651,30000,54,198,1.0,54.746521,31.904539,3146972.6465485613,1959163.8666130377,5209645.700208241
1702730362,2023-12-16T12:39:22Z,ASL651,30000,54,201,1.0,54.74588,31.904135,3147036.1600024807,1959172.6168625439,5209604.320204994
1702730365,2023-12-16T12:39:25Z,ASL651,30000,54,206,1.0,54.745663,31.903963,3147058.866150179,1959173.6436823276,5209590.311538554
1702730368,2023-12-16T12:39:28Z,ASL651,30000,54,212,1.0,54.744499,31.9028,3147188.88263385,1959165.945183525,5209515.167004499
1702730371,2023-12-16T12:39:31Z,ASL651,29975,54,217,1.0,54.743896,31.90205,3147249.029528564,1959146.2255653555,5209455.823691983
1702730374,2023-12-16T12:39:34Z,ASL651,30000,54,222,1.0,54.74329,31.901134,3147339.587141213,1959132.782803279,5209437.115127002
1702730378,2023-12-16T12:39:38Z,ASL651,29975,54,227,1.0,54.742779,31.900135,3147401.1140852477,1959094.9413532242,5209383.710542275
1702730380,2023-12-16T12:39:40Z,ASL651,29975,54,231,1.0,54.742355,31.899288,3147462.9493935998,1959068.8752908818,5209356.336725585
1702730383,2023-12-16T12:39:43Z,ASL651,29975,54,236,1.0,54.74194,31.898138,3147534.446689807,1959025.728170086,5209329.543681255
1702730387,2023-12-16T12:39:47Z,ASL651,29975,54,241,1.0,54.741531,31.896866,3147609.649401762,1958975.5871243854,5209303.137739446
1702730389,2023-12-16T12:39:49Z,ASL651,29975,54,246,1.0,54.741241,31.895723,3147671.214038293,1958926.788335981,5209284.4145395495
1702730392,2023-12-16T12:39:52Z,ASL651,29975,54,249,1.0,54.741028,31.894684,3147723.2519422853,1958879.9859786802,5209270.6625872245
1702730396,2023-12-16T12:39:56Z,ASL651,29975,54,256,1.0,54.740753,31.89323,3147794.2844394147,1958813.3741050968,5209252.907612965
1702730399,2023-12-16T12:39:59Z,ASL651,29975,54,260,1.0,54.740635,31.891895,3147849.073769533,1958745.7228049375,5209245.289078208
1702730402,2023-12-16T12:40:02Z,ASL651,29975,54,264,1.0,54.740589,31.890564,3147898.142055106,1958674.8160317824,5209242.319134959
1702730405,2023-12-16T12:40:05Z,ASL651,29975,54,270,1.0,54.740589,31.889315,3147940.8387774765,1958606.19402372,5209242.319134959
1702730408,2023-12-16T12:40:08Z,ASL651,29975,54,273,1.0,54.740662,31.88798,3147980.8131829365,1958529.3242781833,5209247.032304208
1702730411,2023-12-16T12:40:11Z,ASL651,29975,54,279,1.0,54.740753,31.886848,3148012.451086167,1958462.7388666107,5209252.907612965
1702730414,2023-12-16T12:40:14Z,ASL651,29975,54,284,1.0,54.740982,31.885393,3148044.4267143533,1958371.749041266,5209267.692672597
1702730417,2023-12-16T12:40:17Z,ASL651,29975,54,289,1.0,54.741196,31.884239,3148067.275126781,1958298.0206033345,5209281.509203494
1702730420,2023-12-16T12:40:20Z,ASL651,29975,54,293,1.0,54.741531,31.883051,3148081.900679352,1958216.5872475628,5209303.137739446
1702730423,2023-12-16T12:40:23Z,ASL651,29975,54,297,1.0,54.741852,31.88192,3148095.661744374,1958138.961200256,5209323.862229584
1702730426,2023-12-16T12:40:26Z,ASL651,29975,54,303,1.0,54.742218,31.880993,3148098.959516699,1958070.3735034084,5209347.491823028
1702730429,2023-12-16T12:40:29Z,ASL651,29975,54,308,1.0,54.742767,31.87974,3148099.2045217,1957975.0474690576,5209382.935815529
1702730432,2023-12-16T12:40:32Z,ASL651,29975,54,312,1.0,54.74329,31.878828,3148089.8104052367,1957899.7123231445,5209416.700778022
1702730435,2023-12-16T12:40:35Z,ASL651,29975,53,318,1.0,54.743866,31.877962,3148074.732253634,1957824.3489880657,5209453.886927744
1702730438,2023-12-16T12:40:38Z,ASL651,29975,54,323,1.0,54.744553,31.877073,3148051.829539228,1957742.3690573089,5209498.238471499
1702730441,2023-12-16T12:40:41Z,ASL651,29975,54,329,1.0,54.745056,31.876509,3148032.090323964,1957687.1209653786,5209530.710816423
1702730444,2023-12-16T12:40:44Z,ASL651,29975,54,332,1.0,54.745743,31.875862,3148000.9154887428,1957618.438773315,5209575.0610657595
1702730447,2023-12-16T12:40:47Z,ASL651,29975,54,338,1.0,54.746521,31.875378,3147957.112243323,1957554.32398366,5209625.285045506
1702730450,2023-12-16T12:40:50Z,ASL651,29975,54,341,1.0,54.747246,31.874916,3147916.666568346,1957493.974571461,5209672.086734652
1702730453,2023-12-16T12:40:53Z,ASL651,29975,54,348,1.0,54.747993,31.874666,3147867.270574845,1957444.2120133243,5209720.307742458
1702730456,2023-12-16T12:40:56Z,ASL651,29975,54,353,1.0,54.748672,31.874489,3147820.6539116325,1957401.7397991456,5209764.138387275
1702730459,2023-12-16T12:40:59Z,ASL651,29975,54,356,1.0,54.749451,31.874407,3147763.034969413,1957359.6638324324,5209814.423308855
1702730462,2023-12-16T12:41:02Z,ASL651,29975,54,1,1.0,54.750229,31.874489,3147699.890366026,1957326.6456942828,5209864.642720794
1702730465,2023-12-16T12:41:05Z,ASL651,29975,54,6,1.0,54.750599,31.8745,3147670.8164200834,1957309.404690031,5209888.525652393
1702730468,2023-12-16T12:41:08Z,ASL651,29975,54,12,1.0,54.751762,31.874916,3147566.3993819687,1957276.1651503588,5209963.59410422
1702730471,2023-12-16T12:41:11Z,ASL651,29975,54,17,1.0,54.752289,31.875135,3147518.0420811786,1957262.7775007873,5209997.609799864
1702730474,2023-12-16T12:41:14Z,ASL651,29975,54,22,1.0,54.753204,31.87575,3147426.0621862574,1957252.4283110995,5210056.668264733
1702730477,2023-12-16T12:41:17Z,ASL651,29975,54,27,1.0,54.753765,31.876249,3147365.5025089486,1957252.780048691,5210092.877225302
1702730480,2023-12-16T12:41:20Z,ASL651,29975,54,32,1.0,54.754532,31.876993,3147280.59513768,1957256.6520306573,5210142.381361365
1702730483,2023-12-16T12:41:23Z,ASL651,29975,54,36,1.0,54.755127,31.87772,3147209.609460115,1957267.8849003434,5210180.783537144
1702730486,2023-12-16T12:41:26Z,ASL651,29975,54,41,1.0,54.755672,31.878578,3147138.0267813774,1957288.7235890543,5210215.958147402
1702730489,2023-12-16T12:41:29Z,ASL651,29975,54,43,1.0,54.756226,31.879498,3147063.627805458,1957312.5316784582,5210251.713140716
1702730492,2023-12-16T12:41:32Z,ASL651,29975,54,51,1.0,54.756699,31.880493,3146992.9490884454,1957344.3647398439,5210282.2400337765
1702730496,2023-12-16T12:41:36Z,ASL651,30000,54,55,1.0,54.757141,31.881598,3146933.166343644,1957391.3523899547,5210331.18373817
1702730498,2023-12-16T12:41:38Z,ASL651,30000,54,60,1.0,54.757488,31.882658,3146870.0388368685,1957432.8305041236,5210353.5783507945
1702730502,2023-12-16T12:41:42Z,ASL651,30000,54,64,1.0,54.757862,31.883905,3146798.427822035,1957483.274614056,5210377.715270197
1702730505,2023-12-16T12:41:45Z,ASL651,30000,54,70,1.0,54.758102,31.885151,3146737.2433680384,1957540.1270121934,5210393.204085756
1702730508,2023-12-16T12:41:48Z,ASL651,30000,54,75,1.0,54.758327,31.886402,3146677.0504496857,1957597.9760145114,5210407.7247675
1702730511,2023-12-16T12:41:51Z,ASL651,30000,54,79,1.0,54.758469,31.887737,3146620.423827726,1957664.4415173908,5210416.888889825
1702730514,2023-12-16T12:41:54Z,ASL651,30000,54,84,1.0,54.75856,31.889029,3146569.2205455806,1957731.0049860307,5210422.761655653
1702730517,2023-12-16T12:41:57Z,ASL651,30000,52,92,1.0,54.75856,31.890402,3146522.305808471,1957806.406828361,5210422.761655653
1702730520,2023-12-16T12:42:00Z,ASL651,30000,54,94,1.0,54.758469,31.891775,3146482.4468804905,1957886.1991199434,5210416.888889825
1702730523,2023-12-16T12:42:03Z,ASL651,30000,54,99,1.0,54.758377,31.893068,3146445.3973153494,1957961.645616659,5210410.951574777
1702730526,2023-12-16T12:42:06Z,ASL651,30000,54,103,1.0,54.758232,31.894142,3146419.9404255645,1958027.6228845452,5210401.593822764
1702730529,2023-12-16T12:42:09Z,ASL651,30000,54,108,1.0,54.757954,31.895475,3146395.9452426797,1958114.2419037125,5210383.652660276
1702730532,2023-12-16T12:42:12Z,ASL651,30000,54,115,1.0,54.757629,31.896723,3146378.4976106985,1958198.4615463477,5210362.678124497
1702730535,2023-12-16T12:42:15Z,ASL651,30000,54,119,1.0,54.757278,31.897995,3146362.243711087,1958285.2541736634,5210340.02543798
1702730538,2023-12-16T12:42:18Z,ASL651,30000,54,123,1.0,54.756912,31.898966,3146357.438767049,1958356.2418172213,5210316.404480154
1702730541,2023-12-16T12:42:21Z,ASL651,30000,54,129,1.0,54.756363,31.900097,3146361.3543579765,1958444.8492859914,5210280.972645669
1702730544,2023-12-16T12:42:24Z,ASL651,30000,54,134,1.0,54.755859,31.901066,3146367.315434035,1958522.3891941202,5210248.444639705
1702730547,2023-12-16T12:42:27Z,ASL651,30000,54,138,1.0,54.75531,31.901873,3146382.3018476944,1958593.205728033,5210213.011889768
1702730550,2023-12-16T12:42:30Z,ASL651,30000,54,143,1.0,54.754715,31.902681,3146400.8194085727,1958666.2982963163,5210174.6097365925
1702730553,2023-12-16T12:42:33Z,ASL651,30000,53,148,1.0,54.754074,31.903408,3146425.671228373,1958737.1639332897,5210133.23805016
1702730556,2023-12-16T12:42:36Z,ASL651,30000,54,153,1.0,54.753387,31.903975,3146459.5582556305,1958801.464247542,5210088.896690399
1702730559,2023-12-16T12:42:39Z,ASL651,30000,54,158,1.0,54.752747,31.904539,3146489.9020537627,1958863.3315664262,5210047.5882010255
1702730562,2023-12-16T12:42:42Z,ASL651,30000,54,162,1.0,54.752136,31.904879,3146525.6543787713,1958911.4980564832,5210008.150897395
1702730565,2023-12-16T12:42:45Z,ASL651,30000,54,166,1.0,54.751282,31.905186,3146581.375901816,1958969.5828424287,5209953.028045465
1702730569,2023-12-16T12:42:49Z,ASL651,30000,54,172,1.0,54.750412,31.905462,3146639.3967109374,1959026.7377099504,5209896.87125939
1702730571,2023-12-16T12:42:51Z,ASL651,30000,54,176,1.0,54.74968,31.905508,3146694.5805792296,1959064.599483775,5209849.621173025
1702730575,2023-12-16T12:42:55Z,ASL651,30000,54,181,1.0,54.748856,31.905428,3146761.2054101625,1959099.9819543548,5209796.431536122
1702730578,2023-12-16T12:42:58Z,ASL651,30000,54,187,1.0,54.748226,31.905296,3146814.565997239,1959123.1432714944,5209755.763976861
1702730581,2023-12-16T12:43:01Z,ASL651,30000,54,191,1.0,54.747482,31.905106,3146878.748463723,1959148.621400399,5209707.736716602
1702730584,2023-12-16T12:43:04Z,ASL651,30000,54,197,1.0,54.746841,31.904781,3146939.5607920624,1959161.7122094757,5209666.357688715
1702730587,2023-12-16T12:43:07Z,ASL651,30000,54,201,1.0,54.746063,31.904297,3147016.431926641,1959172.681767044,5209616.133907221
1702730590,2023-12-16T12:43:10Z,ASL651,30000,54,206,1.0,54.745239,31.90357,3147105.1785862036,1959172.5227706563,5209562.9395511765
1702730593,2023-12-16T12:43:13Z,ASL651,30000,54,210,1.0,54.744598,31.902924,3147176.966787427,1959167.9780454813,5209521.558246793
1702730596,2023-12-16T12:43:16Z,ASL651,30000,54,216,1.0,54.744003,31.902115,3147250.7619357235,1959152.2579719308,5209483.146001391
1702730599,2023-12-16T12:43:19Z,ASL651,30000,53,220,1.0,54.743431,31.9013,3147322.9788126103,1959135.0963591358,5209446.218070637
1702730602,2023-12-16T12:43:22Z,ASL651,30000,54,225,1.0,54.742825,31.900301,3147404.123178199,1959109.4661960378,5209407.094557887
1702730605,2023-12-16T12:43:25Z,ASL651,30000,54,231,1.0,54.742355,31.899208,3147477.93668286,1959072.1065128306,5209376.750839064
1702730608,2023-12-16T12:43:28Z,ASL651,30000,54,236,1.0,54.741989,31.898319,3147536.710983195,1959040.9325272294,5209353.121232822
1702730611,2023-12-16T12:43:31Z,ASL651,30000,54,240,1.0,54.741623,31.897268,3147601.0239010216,1959000.857484157,5209329.491414488
1702730614,2023-12-16T12:43:34Z,ASL651,30000,54,244,1.0,54.741287,31.895973,3147671.352607165,1958945.928354096,5209307.798279787
1702730617,2023-12-16T12:43:37Z,ASL651,30000,54,249,1.0,54.740982,31.894604,3147741.80667773,1958885.435709027,5209288.106440247
1702730620,2023-12-16T12:43:40Z,ASL651,30000,54,256,1.0,54.740822,31.893394,3147795.580711814,1958826.6798361288,5209277.776236016
1702730624,2023-12-16T12:43:44Z,ASL651,30000,54,260,1.0,54.740662,31.892099,3147852.2595305103,1958763.2526194947,5209267.4459912535
1702730627,2023-12-16T12:43:47Z,ASL651,30000,54,264,1.0,54.74057,31.890644,3147909.134072122,1958687.7524243721,5209261.506082163
1702730630,2023-12-16T12:43:50Z,ASL651,30000,54,270,1.0,54.74057,31.889271,3147956.0699288445,1958612.3173487086,5209261.506082163
1702730633,2023-12-16T12:43:53Z,ASL651,30000,54,275,1.0,54.740635,31.887983,3147995.058193227,1958538.4155002562,5209265.702758453
1702730636,2023-12-16T12:43:56Z,ASL651,30000,54,279,1.0,54.740799,31.886686,3148026.675571412,1958459.2424908269,5209276.291265826
1702730639,2023-12-16T12:43:59Z,ASL651,30000,54,286,1.0,54.740963,31.885405,3148057.74406918,1958380.9481409905,5209286.879730614
1702730642,2023-12-16T12:44:02Z,ASL651,30000,54,289,1.0,54.741241,31.884155,3148078.910843978,1958298.8574800142,5209304.828372437
1702730645,2023-12-16T12:44:05Z,ASL651,30025,54,296,1.0,54.74157,31.882906,3148108.3406967856,1958221.9842209918,5209346.483508371
1702730648,2023-12-16T12:44:08Z,ASL651,30025,54,300,1.0,54.741898,31.88184,3148119.3373350105,1958147.5913660068,5209367.660077593
1702730651,2023-12-16T12:44:11Z,ASL651,30000,53,305,1.0,54.742313,31.880743,3148112.390368109,1958059.6770396505,5209374.039255678
1702730654,2023-12-16T12:44:14Z,ASL651,30000,54,308,1.0,54.742813,31.87974,3148107.891552545,1957980.450408586,5209406.319828992
1702730657,2023-12-16T12:44:17Z,ASL651,30025,54,314,1.0,54.743362,31.878769,3148110.7514472567,1957908.2405849136,5209462.177809692
1702730660,2023-12-16T12:44:20Z,ASL651,30025,53,319,1.0,54.743958,31.8778,3148097.6414935915,1957826.252806265,5209500.655368014
1702730663,2023-12-16T12:44:23Z,ASL651,30025,54,323,1.0,54.744595,31.876997,3148075.6774681406,1957751.4091217746,5209541.779250676
1702730667,2023-12-16T12:44:27Z,ASL651,30025,54,329,1.0,54.745285,31.876347,3148044.373366398,1957682.4163937815,5209586.324018792
1702730669,2023-12-16T12:44:29Z,ASL651,30025,54,333,1.0,54.745945,31.87575,3148013.583536425,1957617.783228604,5209628.931352477
1702730673,2023-12-16T12:44:33Z,ASL651,30025,54,338,1.0,54.746643,31.87525,3147976.5309583256,1957556.6473620522,5209673.9910852555
1702730675,2023-12-16T12:44:35Z,ASL651,30025,54,343,1.0,54.747341,31.874916,3147933.8057201994,1957504.6323461218,5209719.050046607
1702730678,2023-12-16T12:44:38Z,ASL651,30000,54,348,1.0,54.748085,31.874666,3147872.388487053,1957447.3944942767,5209746.662103721
1702730682,2023-12-16T12:44:42Z,ASL651,30000,54,354,1.0,54.748829,31.8745,3147820.354285359,1957402.3915006386,5209794.688653615
1702730685,2023-12-16T12:44:45Z,ASL651,30025,54,357,1.0,54.749725,31.874407,3147766.288983784,1957361.687261898,5209872.941885551
1702730688,2023-12-16T12:44:48Z,ASL651,30025,54,4,1.0,54.750458,31.874489,3147706.6340480424,1957330.8391018372,5209920.256652994
1702730691,2023-12-16T12:44:51Z,ASL651,30025,54,6,1.0,54.751205,31.874666,3147642.647461811,1957304.5342014285,5209968.474237826
1702730694,2023-12-16T12:44:54Z,ASL651,30025,54,12,1.0,54.751904,31.875,3147577.0203309115,1957289.1686343502,5210013.5927037075
1702730697,2023-12-16T12:44:57Z,ASL651,30025,54,19,1.0,54.752747,31.875378,3147498.72062075,1957269.2735617987,5210068.00493165
1702730700,2023-12-16T12:45:00Z,ASL651,30025,54,23,1.0,54.753433,31.875942,3147426.244467486,1957267.1674742873,5210112.282616453
1702730703,2023-12-16T12:45:03Z,ASL651,30025,54,27,1.0,54.754044,31.876497,3147359.8930327133,1957268.1831719126,5210151.718819063
1702730706,2023-12-16T12:45:06Z,ASL651,30025,54,32,1.0,54.754715,31.877153,3147285.4373594127,1957271.8513056603,5210195.026962767
1702730709,2023-12-16T12:45:09Z,ASL651,30000,54,38,1.0,54.755348,31.877996,3147195.2901384686,1957280.0036088002,5210215.464445211
1702730713,2023-12-16T12:45:13Z,ASL651,30000,54,42,1.0,54.755905,31.878931,3147120.1459228774,1957304.4922521112,5210251.413482326
1702730715,2023-12-16T12:45:15Z,ASL651,30000,54,45,1.0,54.756363,31.87982,3147054.251749585,1957331.228085081,5210280.972645669
1702730719,2023-12-16T12:45:19Z,ASL651,30000,54,52,1.0,54.756836,31.880827,3146983.1626809607,1957363.71975202,5210311.499555208
1702730721,2023-12-16T12:45:21Z,ASL651,30000,54,57,1.0,54.757256,31.88199,3146910.8546375935,1957407.3345112286,5210338.605604977
1702730725,2023-12-16T12:45:25Z,ASL651,30000,54,62,1.0,54.757629,31.883074,3146844.8903468954,1957448.8757377733,5210362.678124497
1702730728,2023-12-16T12:45:28Z,ASL651,30000,54,67,1.0,54.757954,31.884405,3146774.2097489405,1957506.2966551748,5210383.652660276
1702730731,2023-12-16T12:45:31Z,ASL651,30000,54,71,1.0,54.758194,31.885635,3146713.571528581,1957562.2696227606,5210399.141440867
1702730734,2023-12-16T12:45:34Z,ASL651,30000,54,76,1.0,54.758373,31.886902,3146656.399297248,1957623.2162691986,5210410.69343034
1702730737,2023-12-16T12:45:37Z,ASL651,30000,54,81,1.0,54.758514,31.888382,3146594.8953107116,1957697.6926253443,5210419.793006432
1702730740,2023-12-16T12:45:40Z,ASL651,30000,54,85,1.0,54.75856,31.889675,3146547.1472672517,1957766.4818850989,5210422.761655653
1702730743,2023-12-16T12:45:43Z,ASL651,30000,54,91,1.0,54.758514,31.890898,3146508.9249083744,1957835.8655357119,5210419.793006432
1702730746,2023-12-16T12:45:46Z,ASL651,30000,54,95,1.0,54.758469,31.89226,3146465.8735608933,1957912.8335418974,5210416.888889825
1702730749,2023-12-16T12:45:49Z,ASL651,30000,54,101,1.0,54.758327,31.89356,3146432.46187163,1957991.0772021608,5210407.7247675
1702730752,2023-12-16T12:45:52Z,ASL651,30000,53,105,1.0,54.758102,31.894764,3146408.7659316957,1958068.0543154206,5210393.204085756
1702730755,2023-12-16T12:45:55Z,ASL651,30000,54,111,1.0,54.757816,31.896141,3146383.8862866713,1958157.4756526442,5210374.746570133
1702730758,2023-12-16T12:45:58Z,ASL651,30000,54,115,1.0,54.757488,31.897223,3146372.343634906,1958232.7242883889,5210353.5783507945
1702730761,2023-12-16T12:46:01Z,ASL651,30000,53,121,1.0,54.757141,31.898319,3146361.79409221,1958309.6589971303,5210331.18373817
1702730765,2023-12-16T12:46:05Z,ASL651,30000,54,126,1.0,54.756638,31.899612,3146356.606572764,1958404.941927065,5210298.720892003
1702730767,2023-12-16T12:46:07Z,ASL651,30000,54,131,1.0,54.75618,31.900499,3146361.8044391563,1958475.7581319488,5210269.16192811
1702730771,2023-12-16T12:46:11Z,ASL651,30000,54,135,1.0,54.755581,31.901466,3146375.1998984464,1958557.7741277565,5210230.502432538
1702730774,2023-12-16T12:46:14Z,ASL651,30000,54,142,1.0,54.755035,31.902277,3146389.81611072,1958628.665823829,5210195.263065119
1702730777,2023-12-16T12:46:17Z,ASL651,30000,54,145,1.0,54.754395,31.903086,3146411.7880470846,1958703.9858748226,5210153.956245913
1702730780,2023-12-16T12:46:20Z,ASL651,30000,54,150,1.0,54.753754,31.903732,3146439.4081207407,1958770.4037065983,5210112.584234668
1702730783,2023-12-16T12:46:23Z,ASL651,30000,54,156,1.0,54.753021,31.904297,3146476.929651695,1958836.8150368603,5210065.273477438
1702730786,2023-12-16T12:46:26Z,ASL651,30000,54,159,1.0,54.752289,31.904781,3146517.141449943,1958898.7304185675,5210018.026415159
1702730789,2023-12-16T12:46:29Z,ASL651,30000,54,163,1.0,54.751621,31.905128,3146557.0735226916,1958950.0330853958,5209974.909503133
1702730792,2023-12-16T12:46:32Z,ASL651,30000,53,169,1.0,54.75087,31.905348,3146607.7825148534,1958998.3680321889,5209926.434406513
1702730795,2023-12-16T12:46:35Z,ASL651,30000,54,173,1.0,54.750088,31.905462,3146664.518595307,1959042.3780287085,5209875.957391396
1702730799,2023-12-16T12:46:39Z,ASL651,30000,54,181,1.0,54.749111,31.905462,3146740.271315851,1959089.5399644405,5209812.892036202
1702730802,2023-12-16T12:46:42Z,ASL651,30000,54,185,1.0,54.748352,31.905348,3146803.0185578596,1959119.917051344,5209763.897538989
1702730805,2023-12-16T12:46:45Z,ASL651,30000,54,190,1.0,54.74762,31.905128,3146867.29646473,1959143.168384826,5209716.645064955
1702730808,2023-12-16T12:46:48Z,ASL651,30000,54,194,1.0,54.746922,31.904797,3146932.733438763,1959158.6811585517,5209671.586587743
1702730811,2023-12-16T12:46:51Z,ASL651,30025,54,199,1.0,54.746201,31.904377,3147015.246830068,1959178.041049532,5209645.457647776
1702730814,2023-12-16T12:46:54Z,ASL651,30000,55,204,1.0,54.74548,31.903797,3147078.7309853868,1959173.3588234263,5209578.497720427
1702730817,2023-12-16T12:46:57Z,ASL651,30025,54,209,1.0,54.744827,31.903166,3147163.1873558736,1959177.8440951863,5209556.756706104
1702730820,2023-12-16T12:47:00Z,ASL651,30025,54,214,1.0,54.744221,31.902466,3147234.108571464,1959168.6428493245,5209517.63438017
1702730823,2023-12-16T12:47:03Z,ASL651,30025,53,220,1.0,54.743523,31.901466,3147322.420884006,1959147.4008910062,5209472.571970657
1702730826,2023-12-16T12:47:06Z,ASL651,30025,54,224,1.0,54.742996,31.900581,3147393.5424062693,1959124.22064901,5209438.548694805
1702730829,2023-12-16T12:47:09Z,ASL651,30025,54,230,1.0,54.7425,31.899553,3147467.149682043,1959091.6869328204,5209406.526386434
1702730832,2023-12-16T12:47:12Z,ASL651,30025,54,235,1.0,54.742081,31.898638,3147530.922681566,1959061.6427915816,5209379.474979687
1702730835,2023-12-16T12:47:15Z,ASL651,30025,54,237,1.0,54.741714,31.897511,3147597.9121015617,1959017.4412286163,5209355.780559736
1702730838,2023-12-16T12:47:18Z,ASL651,30025,54,244,1.0,54.741348,31.896299,3147667.7295256457,1958968.519794955,5209332.15048986
1702730841,2023-12-16T12:47:21Z,ASL651,30000,54,249,1.0,54.741055,31.894976,3147723.4281339934,1958902.3503178463,5209292.819582461
1702730844,2023-12-16T12:47:24Z,ASL651,30000,54,253,1.0,54.740845,31.893715,3147782.8229611455,1958843.2055786096,5209279.261205369
1702730848,2023-12-16T12:47:28Z,ASL651,30000,54,257,1.0,54.740685,31.892311,3147843.228508036,1958773.7902406668,5209268.930966433
1702730851,2023-12-16T12:47:31Z,ASL651,30025,54,263,1.0,54.740589,31.891064,3147905.556341401,1958717.5355548228,5209283.146472276
1702730854,2023-12-16T12:47:34Z,ASL651,30000,54,267,1.0,54.74057,31.889755,3147939.5246474138,1958638.9093027206,5209261.506082163
1702730857,2023-12-16T12:47:37Z,ASL651,30000,54,273,1.0,54.740616,31.888786,3147969.08226665,1958583.4510794936,5209264.476038384
1702730860,2023-12-16T12:47:40Z,ASL651,30000,54,278,1.0,54.740707,31.887333,3148011.6938324054,1958499.2290593178,5209270.351376691
1702730862,2023-12-16T12:47:42Z,ASL651,30025,54,281,1.0,54.740891,31.88596,3148056.6112078303,1958422.5386286983,5209302.644886289
1702730866,2023-12-16T12:47:46Z,ASL651,30025,54,288,1.0,54.741104,31.884737,3148081.8965728492,1958345.0667898485,5209316.396992115
1702730869,2023-12-16T12:47:49Z,ASL651,30025,54,292,1.0,54.741383,31.883574,3148100.0112380446,1958267.707731706,5209334.410205168
1702730872,2023-12-16T12:47:52Z,ASL651,30025,54,298,1.0,54.741802,31.882074,3148118.7847555797,1958165.0791522956,5209361.462074964
1702730875,2023-12-16T12:47:55Z,ASL651,30025,54,303,1.0,54.742264,31.880871,3148124.0703305556,1958076.6954828904,5209391.289828756
1702730878,2023-12-16T12:47:58Z,ASL651,30025,54,308,1.0,54.742733,31.879911,3148120.506365869,1958001.326361902,5209421.569172547
1702730882,2023-12-16T12:48:02Z,ASL651,30025,54,312,1.0,54.743198,31.878996,3148115.71300338,1957928.62323288,5209451.589926517
1702730885,2023-12-16T12:48:05Z,ASL651,30000,53,318,1.0,54.743755,31.87808,3148091.562838661,1957843.807228695,5209467.135353766
1702730888,2023-12-16T12:48:08Z,ASL651,30000,54,322,1.0,54.744415,31.877235,3148069.250886225,1957765.5466199808,5209509.74412008
1702730890,2023-12-16T12:48:10Z,ASL651,30000,54,327,1.0,54.745056,31.876509,3148044.3444431047,1957694.7415138774,5209551.125610193
1702730894,2023-12-16T12:48:14Z,ASL651,30000,54,332,1.0,54.745697,31.875942,3148014.003750224,1957632.6730833554,5209592.506449742
1702730897,2023-12-16T12:48:17Z,ASL651,30000,54,337,1.0,54.746456,31.875416,3147973.1090565617,1957567.1667540343,5209641.50413771
1702730900,2023-12-16T12:48:20Z,ASL651,30000,54,341,1.0,54.747108,31.875,3147936.7535770144,1957512.865141742,5209683.593649902
1702730903,2023-12-16T12:48:23Z,ASL651,30000,53,344,1.0,54.740982,31.894522,3147744.610172549,1958880.9307534215,5209288.106440247
1702732925,2023-12-16T13:22:05Z,ASL651,31000,528,196,0.0,51.858273,22.448492,3665950.46539429,1514626.7654444617,5017460.424717324
1702733044,2023-12-16T13:24:04Z,ASL651,31000,526,195,0.0,51.578796,22.318323,3692072.3011280135,1515608.7017211118,4998102.525897084
1702733165,2023-12-16T13:26:05Z,ASL651,31000,528,197,0.0,51.293945,22.186668,3718602.087385881,1516524.1247302208,4978250.480413182
1702733285,2023-12-16T13:28:05Z,ASL651,31000,532,195,0.0,51.020824,22.063236,3743900.1387974275,1517442.5483827644,4959100.814409927
1702733404,2023-12-16T13:30:04Z,ASL651,31025,532,195,0.0,50.732391,21.934498,3770517.9712532875,1518376.2631056432,4938775.065797624
1702733525,2023-12-16T13:32:05Z,ASL651,31000,529,195,0.0,50.453037,21.811384,3796157.260229567,1519229.5618390394,4918932.177698541
1702733619,2023-12-16T13:33:39Z,ASL651,30975,530,195,0.0,50.163548,21.685724,3822602.0937301633,1520094.95259825,4898247.397650034
1702733765,2023-12-16T13:36:05Z,ASL651,31025,532,194,0.0,49.880306,21.563519,3848426.843252867,1520866.23177108,4877945.574391628
1702733885,2023-12-16T13:38:05Z,ASL651,30975,532,195,0.0,49.59919,21.44495,3873852.248902054,1521653.067678319,4857602.607710259
1702734005,2023-12-16T13:40:05Z,ASL651,31025,536,194,0.0,49.31287,21.325453,3899699.0016611135,1522425.1900099874,4836840.2615381
1702734379,2023-12-16T13:46:19Z,ASL651,31025,532,194,0.0,48.172718,20.861408,4001400.5432254737,1524898.8974161737,4752823.902543479
1702734436,2023-12-16T13:47:16Z,ASL651,31000,532,194,0.0,47.990891,20.789566,4017426.7456727955,1525240.1471483673,4739232.745029091
1702734469,2023-12-16T13:47:49Z,ASL651,31000,532,194,0.0,47.90712,20.756538,4024804.286108205,1525387.1530036111,4732963.651570383
1702734502,2023-12-16T13:48:22Z,ASL651,31000,533,194,0.0,47.82814,20.725567,4031748.8496987345,1525527.2461268147,4727043.881121278
1702734534,2023-12-16T13:48:54Z,ASL651,31000,534,194,0.0,47.750244,20.695084,4038590.156986078,1525660.0758689924,4721196.608916557
1702734567,2023-12-16T13:49:27Z,ASL651,31000,533,194,0.0,47.671097,20.664185,4045532.980087931,1525790.3109962386,4715246.541133602
1702734600,2023-12-16T13:50:00Z,ASL651,31000,532,194,0.0,47.592819,20.633732,4052390.3684363244,1525916.8538378514,4709353.000958855
1702734634,2023-12-16T13:50:34Z,ASL651,31000,533,194,0.0,47.51239,20.602592,4059425.5870243977,1526047.3585072213,4703288.407080529
1702734667,2023-12-16T13:51:07Z,ASL651,31000,532,194,0.0,47.433659,20.572182,4066303.831624976,1526170.3569504481,4697342.9208659185
1702734700,2023-12-16T13:51:40Z,ASL651,31000,533,194,0.0,47.354332,20.541616,4073225.6277610804,1526289.6785702636,4691343.506516952
1702734731,2023-12-16T13:52:11Z,ASL651,31000,532,194,0.0,47.282227,20.513947,4079508.499591099,1526397.685778839,4685882.525707418
1702734764,2023-12-16T13:52:44Z,ASL651,31000,533,194,0.0,47.203411,20.483656,4086371.13547986,1526503.0915672376,4679904.836065467
1702734797,2023-12-16T13:53:17Z,ASL651,31025,532,194,0.0,47.124645,20.453514,4093235.360316359,1526613.9187998571,4673940.462624842
1702734829,2023-12-16T13:53:49Z,ASL651,31000,532,194,0.0,47.04863,20.424751,4099813.6143816737,1526723.3545701972,4668140.072518996
1702734862,2023-12-16T13:54:22Z,ASL651,31000,532,194,0.0,46.969719,20.39485,4106653.672941156,1526830.6480035987,4662129.077539306
1702734895,2023-12-16T13:54:55Z,ASL651,31000,532,194,0.0,46.89072,20.36492,4113494.6092900443,1526928.7188659024,4656102.572510614
1702734925,2023-12-16T13:55:25Z,ASL651,31000,531,194,0.0,46.819244,20.337971,4119674.8664162136,1527018.5380021823,4650642.382737563
1702734958,2023-12-16T13:55:58Z,ASL651,30600,528,194,0.0,46.741013,20.308428,4126177.112462448,1527009.2945334802,4644366.6132737575
1702734991,2023-12-16T13:56:31Z,ASL651,30075,528,194,0.0,46.662643,20.278887,4132602.0146370977,1526964.936441786,4637981.414661897
